Continents,Country,1980,1981,1982,1983,1984,1985,1986,1987,1988,1989,1990,1991,1992,1993,1994,1995,1996,1997,1998,1999,2000,2001,2002,2003,2004,2005,2006,2007,2008,2009,2010,2011,2012,2013,2014,2015,2016,2017,2018,2019,2020,2021,2022,2023,2024,2025,2026,2027,2028
Asia,Afghanistan,3.98,5.65,2.44,4.76,7.16,3.74,3.65,5.39,4.77,3.81,4.2,3.72,5.73,1.67,1.77,3.62,4.65,5.28,2.68,4.64,5.88,4.01,4.4,8.7,0.7,11.8,5.4,13.3,3.9,20.6,8.4,6.5,14.0,5.7,2.7,1.0,2.2,2.6,1.2,3.9,-2.4,5.21,3.92,4.57,4.251030262792762,4.07536683899434,3.9538862543012527,3.912380638528136,3.8856415237540243
Europe,Albania,2.7,5.7,2.9,1.1,2.0,-1.5,5.6,-0.8,-1.4,9.8,-10.0,-28.0,-7.2,9.6,9.4,8.9,9.1,-10.9,8.8,12.9,6.9,8.3,4.5,5.5,5.5,5.5,5.9,6.0,7.5,3.4,3.7,2.5,1.4,1.0,1.8,2.2,3.3,3.8,4.0,2.1,-3.5,8.5,3.7,2.2,3.105208443629252,3.1810598379044643,3.1352877609289154,3.135835259352049,3.1271834758977297
Africa,Algeria,-5.4,3.0,6.4,5.4,5.6,5.6,-0.2,-0.7,-1.9,4.8,0.8,-1.2,1.6,-2.1,-0.9,3.8,3.8,1.1,5.1,3.2,3.8,3.0,5.6,7.2,4.3,5.9,1.7,3.4,2.4,1.6,3.6,2.9,3.4,2.8,3.8,3.7,3.2,1.4,1.2,1.0,-5.1,3.4,2.9,2.6,2.493661535686534,2.413315713915712,2.2973367021867013,2.1116296990046974,2.151490911865913
Europe,Andorra,2.89,1.09,1.47,2.08,3.01,2.53,3.34,3.18,3.42,3.73,1.2,-1.99,-1.42,-1.08,1.08,3.03,4.07,3.85,3.97,2.82,4.53,8.1,4.5,8.7,8.1,5.4,4.8,1.6,-5.6,-5.3,-2.0,0.0,-5.0,-3.5,2.5,1.4,3.7,0.3,1.6,2.0,-11.2,8.9,8.7,1.3,1.6959180296956224,1.8626568437009607,1.8183067636482888,1.766108482583521,1.758618840254173
Africa,Angola,2.4,-4.4,0.0,4.2,6.0,3.5,2.9,4.1,6.1,0.0,-3.5,12.1,11.4,11.0,10.5,10.4,11.2,7.3,4.7,2.2,3.1,4.2,13.7,3.0,11.0,15.0,11.5,14.0,11.2,0.9,4.9,3.5,8.5,5.0,4.8,0.9,-2.6,-0.2,-1.3,-0.7,-5.6,1.1,2.8,3.5,3.725859648684646,3.8044842057942048,3.8005163264513278,4.0772792640692614,4.051830450105449
America,Antigua and Barbuda,8.2,3.8,-0.1,5.4,10.2,7.6,11.5,6.6,5.2,5.3,3.0,2.2,1.2,5.3,6.7,-4.4,6.6,5.5,4.7,3.7,6.2,-4.5,1.0,6.1,5.8,6.5,12.7,9.3,0.0,-12.0,-7.8,-2.0,3.4,-0.6,3.8,3.8,5.5,3.1,6.9,4.9,-20.2,5.3,6.4,5.5,5.361238095238089,4.4295619047619095,3.4769190476190435,3.4348476190476145,3.4140380952380918
America,Argentina,0.7,-5.7,-3.1,3.7,2.0,-7.0,7.1,2.5,-2.0,-7.0,-1.3,10.5,10.3,6.3,5.8,-2.8,5.5,8.1,3.9,-3.4,-0.8,-4.4,-10.9,9.0,8.9,8.9,8.0,9.0,4.1,-5.9,10.1,6.0,-1.0,2.4,-2.5,2.7,-2.1,2.8,-2.6,-2.0,-9.9,10.4,5.2,0.2,2.0481615190365186,2.1101090372590376,2.065038908313908,2.0473375744625746,2.04883730991231
Asia,Armenia,3.98,5.65,2.44,4.76,7.16,3.74,3.65,5.39,4.77,3.81,4.2,3.72,5.73,-14.1,5.4,8.0,5.2,3.4,6.3,3.2,5.9,9.5,14.8,14.1,10.5,14.1,13.2,13.7,6.9,-14.1,2.2,4.7,7.1,3.4,3.6,3.3,0.2,7.5,5.2,7.6,-7.2,5.7,12.6,5.5,5.465664718614717,4.909838492063491,4.77583704906205,4.737257287157285,4.729663419913421
America,Aruba,3.98,2.27,-1.32,-0.53,3.61,2.04,4.33,16.1,18.6,12.1,4.0,8.0,5.9,7.3,8.2,2.5,1.3,7.0,2.0,1.4,7.7,4.2,-0.9,1.1,7.3,-0.4,1.1,3.1,1.8,-11.7,-2.7,3.4,-1.0,6.4,0.0,3.6,2.1,5.5,5.3,0.6,-18.6,17.2,5.7,1.6,1.6356129870129867,1.7597891774891767,1.662625324675324,1.6471629870129854,1.6388530303030293
Oceania,Australia,2.9,4.1,0.1,-0.5,6.3,5.5,2.4,4.9,4.3,4.6,1.5,-1.0,2.6,3.9,4.8,3.0,4.0,4.6,4.6,4.4,3.1,2.7,4.2,3.0,4.1,3.0,2.6,4.4,2.5,1.9,2.4,2.8,3.8,2.2,2.6,2.3,2.7,2.4,2.8,1.9,-1.8,5.2,3.7,1.6,1.8584315851107949,2.1607310863210847,2.135831389137178,2.1493400731334957,2.1381125069959297
Europe,Austria,2.3,-0.1,1.9,2.8,0.3,2.2,2.3,1.7,1.0,3.9,4.3,3.4,2.1,0.5,2.4,2.7,2.4,2.1,3.6,3.6,3.4,1.3,1.7,0.9,2.7,2.2,3.5,3.7,1.5,-3.8,1.8,2.9,0.7,0.0,0.7,1.0,2.0,2.3,2.4,1.5,-6.5,4.6,5.0,0.4,1.2532743060860703,1.7134882734912154,1.6530038303200063,1.5550249002631347,1.4605630421865718
Asia,Azerbaijan,3.98,5.65,2.44,4.76,7.16,3.74,3.65,5.39,4.77,3.81,4.2,3.72,5.73,-23.1,-19.7,-13.0,2.5,8.9,6.0,11.4,6.2,6.5,9.4,10.2,9.3,28.0,34.5,25.5,10.6,9.4,4.8,-1.6,2.2,5.8,2.8,1.0,-3.1,0.2,1.5,2.5,-4.2,5.6,4.6,3.0,2.645456623931622,2.6858108974358963,2.7183160256410264,2.7604856837606833,2.7641356837606827
America,"Bahamas, The",7.1,-2.9,6.3,6.8,2.4,4.1,2.6,3.7,2.3,2.3,1.1,-4.2,-3.8,0.3,3.1,4.4,4.2,4.9,4.7,7.1,4.1,2.6,2.7,-1.3,0.9,3.4,2.5,1.4,-2.3,-4.2,1.5,0.6,3.1,-2.9,1.8,1.0,-0.9,3.1,1.8,1.9,-23.8,13.7,11.0,4.3,2.66865431571353,2.4092953823953804,2.2929640104047975,2.2007536530720735,2.186837311080732
Asia,Bahrain,7.5,2.8,6.4,7.0,4.2,-0.9,0.5,-1.2,6.0,1.0,3.5,2.3,7.1,7.6,3.2,1.9,3.2,2.3,4.8,6.0,7.0,2.5,3.3,6.3,7.0,6.8,6.5,8.3,6.2,2.5,4.3,2.0,3.7,5.4,4.4,2.5,3.6,4.3,2.1,2.2,-4.6,2.7,4.2,3.0,3.4046344751484723,3.078415690445455,2.8421636179236573,2.84386594267801,2.849198641734645
Asia,Bangladesh,3.98,3.8,2.4,4.0,5.2,3.2,4.2,3.7,2.2,2.6,5.9,3.3,5.0,4.6,4.1,4.9,4.6,4.5,5.2,4.7,5.3,5.1,3.8,4.7,5.2,6.5,6.7,7.1,6.0,5.0,5.6,6.5,6.5,6.0,6.1,6.6,7.1,6.6,7.3,7.9,3.4,6.9,7.1,5.5,6.130215277777778,6.567437500000007,6.70720833333333,6.764326388888882,6.499687500000001
America,Barbados,4.4,-1.9,-4.9,0.5,3.6,1.1,5.1,2.6,3.5,3.6,-3.3,-3.9,-5.7,0.8,2.0,2.0,4.0,4.7,3.7,0.3,4.5,-2.4,0.8,2.2,1.4,4.0,5.7,2.2,0.7,-5.1,-2.3,-0.7,-0.4,-1.4,-0.1,2.4,2.5,0.5,-0.6,-0.5,-13.3,-0.2,10.0,4.9,4.094035087719294,3.113700000000004,2.606414912280704,2.3613535087719297,2.344936842105263
Europe,Belarus,2.89,1.09,4.0,4.3,3.0,1.7,3.6,2.8,5.3,3.0,-2.3,-1.2,-9.6,-7.6,-11.7,-11.1,2.8,11.4,8.4,3.4,5.8,4.7,5.0,7.0,11.4,9.5,10.0,8.6,10.2,0.2,7.8,5.3,1.6,1.0,1.7,-3.8,-2.5,2.5,3.1,1.4,-0.7,2.3,-4.7,0.7,1.7787857142857137,1.8914416666666674,1.6928428571428575,1.6157369047619035,1.6454535714285705
Europe,Belgium,4.4,-0.3,0.6,0.3,2.5,1.7,1.8,2.3,4.7,3.5,3.1,1.8,1.5,-1.0,3.2,2.4,1.3,3.8,2.0,3.5,3.7,1.1,1.7,1.0,3.6,2.3,2.6,3.7,0.4,-2.0,2.9,1.7,0.7,0.5,1.6,2.0,1.3,1.6,1.8,2.2,-5.4,6.1,3.1,0.7,1.2325539056531702,1.4884580426109841,1.4667533072319838,1.3987710221967573,1.4066696258806552
America,Belize,5.0,0.2,-7.6,6.1,11.3,-1.4,7.3,22.0,10.9,15.5,11.2,11.5,12.0,6.3,0.2,0.6,1.1,3.6,3.9,9.0,13.0,5.0,5.1,9.3,4.6,2.4,4.4,3.3,-1.5,-0.4,1.3,-0.1,3.9,4.5,4.1,3.4,0.1,-1.7,1.1,4.5,-13.4,15.2,11.4,3.0,2.146679761904762,2.2024234126984132,2.165388095238095,2.188752380952381,2.1853829365079367
Africa,Benin,9.3,1.9,1.7,-2.0,0.4,4.3,2.7,-2.1,3.4,-2.8,9.0,4.2,3.0,5.8,2.0,6.0,4.3,5.7,4.0,4.4,5.9,5.3,4.6,3.4,4.4,1.7,3.9,6.0,4.9,2.3,2.1,3.0,4.8,7.2,6.4,1.8,3.3,5.7,6.7,6.9,3.8,7.2,6.0,6.0,5.991819444444441,5.911409523809532,5.825276587301588,5.797185714285713,5.780307539682533
Asia,Bhutan,5.0,13.6,8.2,7.3,7.6,4.3,8.0,20.2,15.1,6.2,9.1,4.9,2.1,3.2,2.2,6.0,6.0,5.5,6.0,7.1,6.9,7.0,9.5,9.3,6.9,6.7,7.1,12.9,11.0,5.8,9.5,9.9,6.5,3.6,4.0,6.2,7.4,6.3,3.8,4.4,-2.3,-3.3,4.3,4.7,3.8099510489510435,5.005653729603723,6.072851282051284,4.121364918414917,4.050046620046616
America,Bolivia,0.6,0.3,-3.9,-4.0,-0.2,-1.7,-2.6,2.5,2.9,3.8,4.6,5.3,1.6,4.3,4.7,4.7,4.4,5.0,5.0,0.4,2.5,1.7,2.5,2.7,4.2,4.4,4.8,4.6,6.1,3.4,4.1,5.2,5.1,6.8,5.5,4.9,4.3,4.2,4.2,2.2,-8.7,6.1,3.2,1.8,2.4114521836858818,2.6914950828157327,2.770147576578009,2.81678060200669,2.8220266380962045
Europe,Bosnia and Herzegovina,2.89,1.09,1.47,2.08,3.01,2.53,3.34,3.18,3.42,3.73,1.2,-1.99,-1.42,-1.08,1.08,20.7,62.2,22.9,13.8,10.7,4.4,2.4,5.1,3.9,6.3,4.2,5.7,6.0,5.6,-0.8,0.8,0.9,-0.7,2.4,1.1,4.3,3.2,3.2,3.8,2.9,-3.0,7.4,3.8,2.0,2.864200575602138,2.9973238968421168,3.0514838280686543,3.0485650580770516,3.048428513404979
Africa,Botswana,12.0,8.2,15.9,10.8,6.5,7.7,8.6,14.9,23.4,4.7,8.8,6.2,-0.2,4.0,-0.8,8.5,2.5,7.1,-1.6,8.0,4.3,2.3,7.4,5.4,1.4,5.0,6.0,5.8,3.3,-14.1,10.1,6.8,-0.2,11.1,5.7,-4.9,7.2,4.1,4.2,3.0,-8.7,11.8,6.4,3.7,4.093430540293043,3.9352431776556784,3.8822661630036617,3.8003310439560427,3.7986912087912077
America,Brazil,9.2,-4.4,0.6,-3.4,5.3,7.9,7.5,3.6,0.3,3.2,-4.2,1.0,-0.5,4.7,5.3,4.4,2.2,3.4,0.3,0.5,4.4,1.4,3.1,1.1,5.8,3.2,4.0,6.1,5.1,-0.1,7.5,4.0,1.9,3.0,0.5,-3.5,-3.3,1.3,1.8,1.2,-3.3,5.0,2.9,0.9,1.7122823571165673,2.041404924704926,2.056790148155938,2.02521492883335,2.037097276115697
Asia,Brunei Darussalam,3.98,5.65,2.44,4.76,7.16,3.74,-2.7,2.0,1.1,-1.1,1.1,3.1,4.8,0.3,3.1,4.5,2.9,-1.5,-0.6,3.1,2.9,2.7,3.9,2.9,0.5,0.4,4.4,0.2,-1.9,-1.8,2.6,3.7,0.9,-2.1,-2.5,-0.4,-2.5,1.3,0.1,3.9,1.1,-1.6,-1.5,3.3,3.4050309523809523,3.056269047619048,2.6080023809523833,3.043692857142854,2.9807928571428555
Europe,Bulgaria,5.7,5.3,4.2,3.0,4.6,1.8,5.3,4.7,2.4,-0.5,-9.1,-10.8,-8.4,-11.6,-3.7,-1.6,-8.0,-14.1,3.8,-8.4,4.6,3.8,5.9,5.2,6.5,7.1,6.8,6.7,6.1,-3.3,1.5,2.1,0.8,-0.6,1.0,3.4,3.0,2.8,2.7,4.0,-4.0,7.6,3.4,1.4,3.1223076659755327,2.9411936880412566,2.8555627444421376,2.83454059992651,2.82681208731899
Africa,Burkina Faso,4.0,2.7,1.4,-1.2,1.6,11.3,8.0,-0.2,5.8,2.2,-0.6,9.1,0.2,3.5,1.3,5.7,11.0,6.3,7.3,7.3,1.9,6.6,4.4,7.8,4.5,8.7,6.3,4.1,5.8,3.0,8.4,6.6,6.5,5.8,4.3,3.9,6.0,6.2,6.6,5.7,1.9,6.9,2.5,4.9,5.5548342865467815,5.563605287767791,5.193888095238097,5.134797609335107,5.067611126373623
Africa,Burundi,-6.8,12.2,-1.1,3.7,0.2,11.8,3.2,5.5,5.0,1.3,3.5,5.8,1.0,-6.2,-3.8,-7.9,-8.0,0.4,4.8,1.2,1.8,1.7,2.4,2.5,3.8,4.4,5.4,3.5,4.9,3.8,5.1,4.0,4.4,4.9,4.2,-3.9,-0.6,0.5,1.6,1.8,0.3,3.1,1.8,3.3,4.886428785103786,4.8486602360602316,4.730315873015869,4.860872639397634,4.6088335470085475
Africa,Cabo Verde,5.3,8.4,2.8,9.5,3.8,8.6,2.9,4.3,6.0,5.7,0.7,1.4,3.0,7.3,6.9,7.5,6.7,7.6,8.4,11.9,7.3,6.1,5.3,7.5,4.9,5.8,9.1,9.2,6.7,-1.3,1.5,4.0,1.1,0.8,0.6,1.0,4.7,3.7,14.6,5.7,-14.8,7.0,10.5,4.4,4.99772698412698,4.782984126984132,4.460541269841269,4.264203174603173,4.234004761904762
Asia,Cambodia,3.98,5.65,2.44,4.76,7.16,3.74,3.65,5.39,9.6,3.3,1.1,7.6,7.1,4.0,8.2,6.0,5.9,4.0,4.7,12.7,9.6,8.6,6.6,8.5,10.3,13.3,10.8,10.2,6.7,0.1,6.0,7.1,7.3,7.4,7.1,7.0,6.9,7.0,7.5,7.1,-3.1,3.0,5.0,5.8,6.1836375,6.307193055555551,6.2997194444444435,6.220426388888891,6.237287499999999
Africa,Cameroon,9.9,17.1,7.6,6.8,7.5,8.1,6.8,-2.2,-7.9,-1.8,-6.2,-3.8,-3.1,-3.2,-2.5,3.3,4.9,5.3,4.9,4.1,3.4,3.4,4.8,5.0,6.6,1.2,3.5,4.1,2.9,2.6,2.9,3.5,4.5,5.0,5.8,5.6,4.5,3.5,4.0,3.4,0.5,3.6,3.4,4.3,4.452882326007323,4.543902503052504,4.514334218559222,4.545001678876675,4.501781684981681
America,Canada,2.2,3.5,-3.2,2.6,5.9,4.7,2.1,4.1,4.4,2.3,0.2,-2.1,0.9,2.7,4.5,2.7,1.6,4.3,3.9,5.2,5.2,1.8,3.0,1.8,3.1,3.2,2.6,2.1,1.0,-2.9,3.1,3.1,1.8,2.3,2.9,0.7,1.0,3.0,2.8,1.9,-5.1,5.0,3.4,1.5,1.5499897186147187,2.1442992664742655,1.999906529581531,1.9098570466570461,1.8866240259740263
Africa,Central African Republic,-3.0,13.0,-3.6,-6.0,9.9,3.7,7.2,0.0,1.7,3.8,1.4,-0.8,-4.9,-1.2,12.6,3.2,-6.2,4.1,3.3,2.9,-3.6,2.6,2.1,-2.2,-0.1,2.9,4.8,4.0,2.6,2.8,4.6,4.2,5.1,-36.4,0.1,4.3,4.7,4.5,3.8,3.0,1.0,1.0,0.4,2.5,3.4060429137529167,3.4821607692307737,3.4395309879009917,3.364542962592958,3.109099086469089
Africa,Chad,-6.0,-10.8,5.4,15.7,5.3,7.9,6.0,3.6,7.5,2.0,3.2,10.4,2.4,-2.1,5.5,-0.8,2.1,5.7,7.0,-0.7,-0.9,11.7,8.5,14.7,33.6,8.3,0.6,3.3,3.1,4.1,13.6,0.1,8.8,5.8,6.9,1.8,-5.6,-2.4,2.4,3.4,-2.1,-1.1,2.5,3.5,3.689460990969812,3.579166621956473,3.7121325153767804,3.744932949550447,3.7174355999392734
America,Chile,7.9,6.2,-13.6,-2.8,5.9,2.0,5.6,6.6,7.3,10.6,3.7,7.8,11.2,6.6,5.0,8.9,5.0,7.4,4.2,-0.3,5.0,3.2,3.2,4.7,6.7,5.8,6.0,5.2,3.8,-1.1,5.9,6.2,6.2,3.3,1.8,2.2,1.8,1.4,4.0,0.7,-6.1,11.7,2.4,-1.0,2.209456978118203,2.485160097249957,2.4783189624015463,2.558447378100631,2.6054253603036113
Asia,"China, People's Republic of",7.9,5.1,9.0,10.8,15.2,13.5,8.9,11.7,11.2,4.2,3.9,9.0,14.3,13.9,13.0,11.0,9.9,9.2,7.9,7.7,8.5,8.3,9.1,10.0,10.1,11.4,12.7,14.2,9.6,9.4,10.6,9.6,7.8,7.8,7.4,7.0,6.9,6.9,6.8,6.0,2.2,8.4,3.0,5.2,5.290480555555558,4.6833355555555585,4.532991111111111,4.478656111111115,4.335149999999998
America,Colombia,4.4,2.3,0.9,1.6,3.4,3.1,5.8,5.4,4.1,3.4,4.3,2.4,4.4,5.7,5.1,5.2,2.1,3.4,0.6,-4.2,2.9,1.7,2.5,3.9,5.3,4.4,6.7,6.7,3.3,1.1,4.5,6.9,3.9,5.1,4.5,3.0,2.1,1.4,2.6,3.2,-7.3,11.0,7.5,1.0,2.317302393574032,2.8896649287541107,3.1206258857851474,3.1228148523968247,3.136906187892814
Africa,Comoros,7.4,5.5,4.1,3.1,4.2,2.9,2.2,2.2,5.1,-0.8,7.4,-6.2,7.4,2.5,-4.0,5.6,-0.5,4.4,0.0,2.7,-1.0,5.4,4.6,2.0,3.1,5.7,-1.8,0.8,4.0,3.2,3.8,4.1,3.2,4.5,2.1,1.1,3.3,3.8,3.6,1.8,-0.2,2.1,2.4,3.0,3.2559543650793654,3.6192107142857144,3.7237686507936525,3.7351567460317487,3.698537698412695
Africa,"Congo, Dem. Rep. of the",2.4,0.9,-0.5,1.4,4.8,0.5,4.7,2.7,0.5,-1.3,-6.6,-8.4,-10.5,-13.5,-6.1,2.8,-1.9,-7.8,-3.9,-3.8,-8.1,-2.1,2.9,6.6,7.7,9.8,5.1,8.5,7.4,0.6,7.8,7.6,8.7,9.6,7.3,6.4,0.4,3.7,4.8,4.5,1.7,6.2,6.6,6.3,6.725186111111111,6.361699999999998,6.341358333333335,6.143655555555556,6.072941666666666
Africa,"Congo, Republic of ",12.7,2.6,2.4,2.4,2.4,2.4,2.3,2.3,21.9,21.3,1.0,3.4,4.2,1.3,-1.4,4.0,3.5,-1.0,8.9,-3.7,11.8,-4.8,1.0,0.5,-0.2,9.2,8.0,-6.6,6.3,11.6,9.9,2.2,9.9,-0.7,6.7,-3.6,-10.8,-4.4,-4.8,1.0,-6.2,1.5,2.8,4.1,4.33081442862693,3.5849140109890114,3.8033718170718163,3.8435761363636387,3.7878411824286826
America,Costa Rica,0.8,-2.3,-7.3,2.9,8.0,0.7,5.5,4.8,3.4,5.7,3.6,2.3,9.2,7.1,4.5,4.2,1.4,5.5,7.2,4.2,3.9,3.5,3.4,4.3,4.4,4.0,7.3,8.2,4.7,-0.9,5.4,4.4,4.9,2.5,3.5,3.7,4.2,4.2,2.6,2.4,-4.3,7.8,4.3,2.7,2.8910012377020387,3.0934463222024213,3.069834286917896,3.0339347611258636,3.0239947649469916
Europe,Croatia,2.89,1.09,1.47,2.08,3.01,2.53,3.34,3.18,3.42,3.73,1.2,-1.99,-1.42,-8.0,5.9,6.6,5.9,6.6,1.9,-0.9,3.7,3.1,5.8,5.6,4.2,4.3,4.9,5.0,2.0,-7.2,-1.2,-0.1,-2.3,-0.4,-0.4,2.5,3.6,3.4,2.8,3.4,-8.6,13.1,6.3,1.7,2.3452111109152294,2.707521156882331,2.795594698536759,2.719605226636111,2.708800827701712
Europe,Cyprus,5.9,3.1,6.3,5.3,8.8,4.7,3.6,7.1,8.3,8.1,7.4,0.7,9.4,0.7,5.9,9.9,1.2,2.6,6.1,5.0,6.0,4.0,3.7,2.6,5.0,4.9,4.7,5.1,3.6,-2.0,2.3,0.4,-3.4,-6.6,-1.8,3.4,6.6,5.7,5.6,5.5,-4.4,6.6,5.6,2.5,2.8915199214523675,3.076554279531324,3.050239284377051,2.978027685808799,2.9746805184261036
Europe,Czech Republic,2.89,1.09,1.47,2.08,3.01,2.53,3.34,3.18,3.42,3.73,1.2,-1.99,-1.42,-1.08,1.08,3.03,4.5,-0.5,-0.4,1.4,4.0,3.0,1.6,3.6,4.8,6.6,6.8,5.6,2.7,-4.7,2.4,1.8,-0.8,0.0,2.3,5.4,2.5,5.2,3.2,3.0,-5.5,3.6,2.4,-0.5,2.2979712091503273,3.0423335777947544,2.770163912655974,2.6181521963330785,2.608712174688057
Africa,CÃ´te d'Ivoire,5.2,3.5,0.2,-2.5,-2.0,3.6,4.8,-0.5,1.1,3.0,-1.1,0.0,-0.3,-0.2,0.2,5.6,8.1,5.7,4.9,1.6,-2.1,0.1,-1.7,-1.4,1.2,1.7,1.5,1.8,2.5,3.3,2.0,-4.9,10.9,9.3,8.8,8.8,7.2,6.1,3.8,8.3,1.7,7.0,6.7,6.2,6.6255000000000095,5.912722222222214,5.755694444444445,5.619672222222229,5.610516666666666
Europe,Denmark,-0.5,-0.7,3.7,2.6,4.2,4.0,4.9,0.3,0.0,0.6,1.5,1.4,2.0,0.0,5.3,3.0,2.9,3.3,2.2,2.9,3.7,0.8,0.5,0.4,2.7,2.3,3.9,0.9,-0.5,-4.9,1.9,1.3,0.2,0.9,1.6,2.3,3.2,2.8,2.0,1.5,-2.0,4.9,3.6,0.0,1.2166417594660244,1.5359763631793046,1.5394544089080855,1.4770312036819389,1.462753869414898
Africa,Djibouti,1.83,1.4,2.4,1.7,2.37,4.25,3.63,2.99,5.1,3.75,3.12,-4.5,0.6,-6.8,-1.4,-3.5,-3.7,-1.2,0.1,2.9,0.7,1.8,3.2,3.2,2.8,3.1,4.8,5.0,5.8,1.6,4.1,7.3,4.8,5.0,7.1,7.5,7.1,5.5,4.8,5.5,1.2,4.8,2.5,4.0,5.6798563103563104,5.415189216339216,5.003978571428572,5.016892252192251,4.960646642246643
America,Dominica,13.4,10.8,4.1,2.6,4.2,1.4,7.1,6.3,7.8,-0.2,5.4,1.3,2.0,2.2,0.0,3.0,3.1,2.2,3.8,0.4,2.3,-0.1,-2.8,6.4,3.1,0.7,4.7,6.4,7.1,-1.2,0.7,-0.2,-1.1,-1.0,4.8,-2.7,2.8,-6.6,3.5,5.5,-16.6,4.8,6.0,4.9,4.482444642857139,4.058184523809528,3.049834523809521,3.019754761904758,2.9964916666666643
America,Dominican Republic,8.0,4.3,1.7,4.6,1.3,-2.1,3.5,10.1,2.2,4.4,-5.5,0.9,11.2,7.4,2.6,5.7,6.0,8.9,6.7,5.9,4.7,2.5,4.5,-1.3,2.6,9.4,9.2,7.4,3.2,0.9,8.3,3.1,2.7,4.9,7.1,6.9,6.7,4.7,7.0,5.1,-6.7,12.3,4.9,4.2,4.982405952380952,4.980594047619048,4.927230555555556,4.885333333333333,4.880973015873018
America,Ecuador,4.9,3.9,1.2,-2.8,4.2,4.4,3.1,-6.0,10.5,0.3,3.0,5.1,3.6,2.0,4.3,2.3,1.7,4.3,3.3,-4.7,1.1,4.0,4.1,2.7,8.2,5.3,4.4,2.2,6.4,0.6,3.5,7.9,5.6,4.9,3.8,0.1,-1.2,2.4,1.3,0.0,-7.8,4.2,3.0,2.9,2.750670652958155,2.7822465367965377,2.753000739538241,2.735167279942281,2.7304897005772015
Africa,Egypt,3.4,2.2,7.3,8.9,8.0,7.4,4.8,4.3,4.0,3.0,2.3,2.1,0.3,2.9,4.2,4.5,4.9,5.9,7.5,6.1,5.4,3.5,3.2,3.2,4.1,4.5,6.8,7.1,7.2,4.7,5.1,1.8,2.2,3.3,3.3,4.4,4.5,2.4,5.3,5.5,3.5,3.3,6.6,3.7,4.65950245032745,5.06435278055278,5.258179978354982,5.320079770229763,5.360503099678101
America,El Salvador,-8.6,-5.7,-6.3,1.5,1.3,0.6,0.2,2.5,1.9,1.0,4.8,1.5,7.0,5.8,4.7,4.7,0.8,3.1,2.7,2.2,1.1,0.9,1.6,1.6,0.9,2.7,4.3,1.9,2.1,-2.1,2.1,3.8,2.8,2.2,1.7,2.4,2.5,2.3,2.4,2.4,-8.2,10.3,2.8,2.4,1.9841861582174287,2.1250481788364146,2.1152059787305904,2.1069373978675814,2.095834527916183
Africa,Equatorial Guinea,4.8,5.8,2.2,5.0,1.0,12.9,-2.3,4.4,2.7,-1.2,2.5,-1.2,33.0,10.5,16.8,26.5,52.7,148.0,24.8,26.4,110.5,60.0,19.6,14.5,30.4,8.2,6.5,15.3,17.8,1.3,-8.9,6.5,8.3,-4.1,0.4,-9.1,-8.8,-5.7,-6.2,-5.5,-4.2,-3.2,1.6,-1.8,-3.881888888888885,-3.672333333333336,0.2451666666666665,0.4784999999999998,0.8845000000000005
Africa,Eritrea,1.83,1.4,2.4,1.7,2.37,4.25,3.63,2.99,5.1,3.75,3.12,2.42,1.77,12.9,20.9,2.3,9.1,7.9,2.0,0.2,-12.4,8.8,3.0,-2.7,1.5,2.6,-1.0,1.4,-19.4,12.2,10.9,25.7,1.9,-10.5,30.9,-20.6,7.4,-10.0,13.0,3.8,-0.5,2.9,2.6,2.8,2.4045239926739943,2.4092052197802225,2.687129487179489,2.7078452380952394,2.725341575091576
Europe,Estonia,2.89,1.09,1.47,2.08,3.01,2.53,3.34,3.18,3.42,3.73,1.2,-1.99,-1.42,-1.08,-1.6,2.2,4.9,13.0,4.3,-0.4,10.1,6.0,6.8,7.6,6.8,9.5,9.8,7.6,-5.1,-14.6,2.4,7.3,3.2,1.5,3.0,1.9,3.2,5.8,3.8,3.7,-0.6,8.0,-1.3,-1.2,2.914256433908663,3.2698461168817663,3.084673265955366,3.0552017400505758,2.9910000535581145
Africa,Eswatini,-3.8,6.9,1.4,-0.5,2.5,1.9,18.6,10.0,7.6,9.4,9.9,1.8,3.2,3.1,2.4,4.8,3.8,3.1,2.6,3.0,1.8,1.1,4.4,3.9,3.6,6.0,6.0,4.4,0.8,1.6,3.8,2.2,5.4,3.9,0.9,2.2,1.1,2.0,2.4,2.7,-1.6,7.9,0.5,2.8,2.5680994974925313,2.6608829520153034,2.5804380362155905,2.5252555345239576,2.5136318395914388
Africa,Ethiopia,4.0,0.0,1.0,7.8,-2.3,-11.4,9.7,13.9,0.6,-0.5,2.6,-7.2,-8.9,13.4,3.5,6.1,13.5,2.8,-4.2,6.3,9.8,7.4,1.6,-2.1,11.7,12.6,11.5,11.8,11.2,10.0,10.6,11.4,8.7,9.9,10.3,10.4,8.0,10.2,7.7,9.0,6.1,6.3,6.4,6.1,6.993202777777771,6.511455555555556,6.4883361111111135,6.7865444444444405,6.867974999999999
Oceania,Fiji,-1.7,6.0,-1.1,-4.2,10.1,-3.8,6.6,-7.2,3.5,13.9,5.8,-2.7,6.1,2.6,5.1,2.6,4.8,-2.4,1.3,8.7,-1.7,1.9,3.2,0.8,5.4,-1.3,1.9,-0.9,1.0,-1.4,3.0,2.7,1.4,4.7,5.6,4.5,2.4,5.4,3.8,-0.6,-17.0,-5.1,14.5,7.0,5.602900000000001,4.780866666666672,4.184833333333337,3.856799999999995,3.7561333333333327
Europe,Finland,5.7,1.3,3.1,3.1,3.2,3.5,2.7,3.6,5.2,5.1,0.2,-5.9,-3.3,-0.7,4.0,4.2,3.7,6.3,5.5,4.4,5.8,2.6,1.7,2.0,4.0,2.8,4.0,5.3,0.8,-8.1,3.2,2.5,-1.4,-0.9,-0.4,0.5,2.8,3.2,1.1,1.2,-2.4,3.0,2.1,0.0,1.3579721163313807,1.492376161899103,1.4412430474917242,1.3853524555781902,1.3390862420422716
Europe,France,1.8,1.1,2.5,1.3,1.6,1.7,2.3,2.6,4.6,4.5,2.9,1.1,1.5,-0.7,2.4,2.3,1.4,2.3,3.6,3.3,4.1,1.9,1.2,0.8,2.6,1.7,2.6,2.4,0.2,-2.8,1.8,2.2,0.4,0.7,1.0,1.1,1.0,2.4,1.8,1.9,-7.9,6.8,2.6,0.7,1.2594991076733717,1.7092442258721676,1.6322345842882606,1.4921143843901183,1.3870457802818104
Africa,Gabon,0.0,-4.0,4.1,2.0,4.9,5.8,-2.1,-15.4,3.5,15.4,5.1,6.1,-3.1,3.9,3.7,5.0,3.6,5.7,3.5,-8.9,-1.9,2.1,0.2,1.7,1.1,-0.8,-1.9,6.3,1.7,-2.3,6.3,7.1,5.3,5.5,4.4,3.9,2.1,0.5,0.8,3.9,-1.9,1.5,2.8,3.0,2.9205104978354983,2.9205548701298705,3.06280140692641,3.1676007575757588,3.1778257575757585
Africa,"Gambia, The",0.7,-9.5,20.8,13.5,-7.6,3.6,2.4,2.8,1.7,4.3,5.7,2.2,1.8,3.8,-3.4,3.3,2.9,1.4,6.5,6.4,5.5,5.8,-3.2,6.9,7.0,-2.4,-0.6,3.0,6.3,6.7,5.9,-8.1,5.2,2.9,-1.4,4.1,1.9,4.8,7.2,6.2,0.6,4.3,4.4,5.6,6.3055865800865805,5.785590584415586,5.134970238095236,5.11674632034632,5.105001731601732
Asia,Georgia,3.98,5.65,2.44,4.76,7.16,3.74,3.65,5.39,4.77,3.81,4.2,-21.1,-44.9,-29.3,-10.4,2.6,10.5,10.5,3.1,2.9,1.8,4.8,5.5,11.1,5.8,9.6,9.4,12.6,2.4,-3.7,6.2,7.4,6.4,3.6,4.4,3.0,2.9,4.8,4.8,5.0,-6.8,10.5,10.1,4.0,4.923524386724386,4.864138239538236,4.671260858585855,4.818973989898985,4.76923564213564
Europe,Germany,1.3,0.1,-0.8,1.6,2.8,2.2,2.4,1.5,3.7,3.9,5.7,5.0,1.9,-1.0,2.4,1.5,0.8,1.8,2.0,1.9,2.9,1.7,-0.2,-0.7,1.2,0.7,3.8,3.0,1.0,-5.7,4.2,3.9,0.4,0.4,2.2,1.5,2.2,2.7,1.0,1.1,-3.7,2.6,1.8,-0.1,1.2354451118326113,1.7117461038961037,1.630204527417028,1.3269368867243867,1.2824162518037507
Africa,Ghana,0.5,-3.8,-8.3,-6.2,9.4,6.4,6.2,6.7,6.5,4.5,3.6,4.8,4.5,4.8,3.5,4.2,4.8,5.8,5.0,4.5,3.6,3.8,4.6,5.1,5.4,6.2,5.8,4.1,9.0,5.7,7.8,13.9,8.4,7.2,2.9,2.1,3.4,8.1,6.2,6.5,0.5,5.4,3.2,1.6,2.901319841269842,4.222675757575764,4.358182251082251,4.4005214285714285,4.404188455988456
Europe,Greece,0.7,-1.6,-1.1,-1.1,2.0,2.5,0.5,-2.3,4.3,3.8,0.0,3.1,0.7,-1.6,2.0,2.1,2.9,4.5,3.9,3.1,3.9,4.1,3.9,5.8,5.1,0.6,5.7,3.3,-0.3,-4.3,-5.5,-10.1,-7.1,-2.5,0.5,-0.2,-0.5,1.1,1.7,1.9,-9.0,8.4,5.9,2.6,1.5729111519328622,1.7027366762866765,1.636342708095998,1.5554659125718329,1.5074703017012232
America,Grenada,15.1,1.4,4.1,3.3,4.0,6.0,7.4,9.1,2.9,3.8,4.2,1.4,-0.8,-2.0,1.8,2.2,4.4,4.9,11.8,7.0,5.1,-2.0,3.4,9.5,-0.6,13.3,-4.0,6.1,0.9,-6.6,-0.5,0.8,-1.2,2.4,7.3,6.4,3.7,4.4,4.4,0.7,-13.8,4.7,6.0,3.7,4.133360960591136,3.5905905514504672,3.304832259168033,3.48428490010947,3.453234872742202
America,Guatemala,3.7,0.6,-3.5,-2.5,0.5,-0.6,0.1,3.6,3.9,3.9,3.1,3.0,4.6,3.4,3.5,4.4,2.8,4.1,4.6,3.7,2.5,2.4,4.2,2.6,3.0,3.1,5.6,6.0,3.7,0.6,2.8,4.4,3.1,3.5,4.4,4.1,2.7,3.1,3.4,4.0,-1.8,8.0,4.0,3.4,3.4869320665445662,3.531432484737486,3.5726573473748453,3.6032897222222244,3.638622512210011
Africa,Guinea,2.6,0.6,1.8,1.3,1.4,5.0,3.1,3.3,6.3,4.0,4.3,2.5,3.3,5.0,4.0,4.7,4.5,5.2,3.6,3.8,2.5,3.7,5.2,1.2,2.3,3.0,2.5,6.5,4.1,-1.5,4.2,5.6,5.9,3.9,3.7,3.8,10.8,10.3,6.4,5.6,4.9,4.3,4.3,5.6,5.596250357975361,5.542821359196361,5.262607142857144,5.192042252192249,4.986945451770452
Africa,Guinea-Bissau,1.83,-0.5,4.2,-3.4,5.5,4.3,-1.0,5.6,2.0,2.9,4.6,7.3,3.1,2.3,3.0,4.0,3.7,6.0,-22.4,16.8,1.1,4.8,3.7,-0.3,1.2,6.6,2.7,2.6,4.5,2.4,5.6,8.1,-1.7,3.3,1.0,6.1,5.3,4.8,3.8,4.5,1.5,6.4,3.5,4.5,4.832517094017095,4.6638752564102575,4.593074829059829,4.660642051282051,4.409671794871794
America,Guyana,-2.1,0.6,-8.9,-11.5,2.1,0.4,-0.2,-0.1,-6.0,-4.9,-3.0,6.0,7.8,8.2,8.5,5.1,8.0,6.2,-1.7,3.0,-1.3,2.3,1.1,-0.7,1.6,-1.9,5.1,7.0,2.0,3.3,4.4,5.4,5.0,3.7,1.7,0.7,3.8,3.7,4.4,5.4,43.5,20.1,62.3,37.2,31.098000000000027,4.162999999999997,24.524999999999967,4.575000000000004,4.566000000000003
America,Haiti,7.3,1.1,-2.8,-1.5,0.2,0.8,0.3,-0.4,0.6,-1.1,-0.4,1.3,-2.3,-4.9,-11.6,9.9,4.1,2.7,2.2,2.7,0.9,-0.3,1.1,3.5,-1.3,3.1,1.8,4.7,2.7,5.9,-5.7,5.1,0.5,4.3,1.7,2.6,1.8,2.5,1.7,-1.7,-3.3,-1.8,-1.7,0.3,1.6657903053645697,1.9275076097105512,1.9370601975638748,1.887220408921144,1.8964104267464565
America,Honduras,0.6,-1.2,-2.1,0.9,6.3,5.6,5.3,6.6,1.7,2.7,2.8,-3.3,6.1,6.5,0.2,6.2,1.9,4.6,3.6,-0.7,7.3,2.7,3.8,4.5,6.2,6.1,6.6,6.2,4.2,-2.4,3.7,3.8,4.1,2.8,3.1,3.8,3.9,4.8,3.8,2.7,-9.0,12.5,4.0,3.7,3.649409388552062,3.6746028744052874,3.7357847988505744,3.7243339477285144,3.7073574002147263
Asia,Hong Kong SAR,10.3,9.2,2.9,6.0,10.0,0.7,11.1,13.4,8.5,2.3,3.8,5.7,6.2,6.2,6.0,2.4,4.3,5.1,-5.9,2.5,7.7,0.6,1.7,3.1,8.7,7.4,7.0,6.5,2.1,-2.5,6.8,4.8,1.7,3.1,2.8,2.4,2.2,3.8,2.8,-1.7,-6.5,6.4,-3.5,3.5,3.225840938946112,3.0223021279295414,2.887272839976118,2.8217260292580972,2.818740446335272
Europe,Hungary,0.2,2.9,2.8,0.7,2.7,-0.3,1.5,4.1,-0.1,0.7,-3.5,-11.9,-3.1,-0.6,2.9,2.5,0.1,3.1,3.9,3.1,4.5,4.1,4.7,4.1,5.0,4.3,3.9,0.3,1.0,-6.6,1.1,1.9,-1.3,1.8,4.2,3.7,2.2,4.3,5.4,4.9,-4.5,7.1,4.9,0.5,2.7856310874903762,3.140409140067731,3.1669821566724905,3.1952671289100807,3.193051863447573
Europe,Iceland,5.7,4.3,2.2,-2.2,4.1,3.3,6.3,8.5,-0.1,0.3,1.2,-0.2,-3.4,1.3,3.6,0.1,4.6,5.8,7.4,4.0,5.0,4.0,0.6,2.1,7.8,6.1,6.3,8.5,2.2,-7.7,-2.8,1.8,1.1,4.6,1.7,4.4,6.3,4.2,4.9,1.8,-7.2,4.3,6.4,2.3,2.3965848040848026,2.5727334748584765,2.5405144438894465,2.5254038572538584,2.5285218281718294
Asia,India,5.3,6.0,3.5,7.3,3.8,5.3,4.8,4.0,9.6,5.9,5.5,1.1,5.5,4.8,6.7,7.6,7.5,4.0,6.2,8.5,4.0,4.9,3.9,7.9,7.8,9.3,9.3,9.8,3.9,8.5,10.3,6.6,5.5,6.4,7.4,8.0,8.3,6.8,6.5,3.9,-5.8,9.1,6.8,5.9,6.4283,6.1816972222222235,6.031994444444449,5.9412305555555545,5.922666666666666
Asia,Indonesia,9.9,7.6,2.2,4.2,7.6,3.9,7.2,6.6,7.0,9.1,9.0,8.9,6.5,8.0,7.5,8.2,7.8,4.7,-13.1,0.8,5.0,3.6,4.5,4.8,5.0,5.7,5.5,6.3,7.4,4.7,6.4,6.2,6.0,5.6,5.0,4.9,5.0,5.1,5.2,5.0,-2.1,3.7,5.3,5.0,4.988006457431464,4.969867886002886,4.86607308080808,4.851067575757576,4.80706038961039
Asia,Iran,-21.6,-5.7,23.2,11.1,-7.1,1.9,-9.8,-0.2,-6.1,6.1,13.6,12.7,3.3,-1.5,-1.7,2.4,6.4,1.4,2.1,2.0,5.8,2.4,8.1,8.6,4.3,3.2,5.0,8.2,0.3,1.0,5.8,2.6,-3.7,-1.5,5.0,-1.4,8.8,2.8,-1.8,-3.1,3.3,4.7,2.5,2.0,2.052654834054834,2.19755493025493,2.166935209235209,2.144590812890813,2.1414088023088023
Asia,Iraq,3.98,5.65,2.44,4.76,7.16,3.74,3.65,5.39,4.77,3.81,4.2,3.72,5.73,1.67,1.77,3.62,4.65,5.28,2.68,24.8,-4.3,-6.6,-7.8,81.8,53.4,1.7,5.6,1.9,8.2,3.4,6.4,7.5,13.9,7.6,0.7,2.5,15.2,-3.4,4.7,5.8,-15.7,7.7,8.1,3.7,3.3501458333333347,3.000634166666667,2.900696666666667,2.7733908333333313,2.778695833333332
Europe,Ireland,2.9,2.5,1.5,-0.7,3.2,1.9,0.4,3.6,3.0,5.6,7.7,1.6,3.6,2.3,5.9,9.6,9.1,10.7,8.8,10.5,9.4,5.3,5.9,3.0,6.8,5.7,5.0,5.3,-4.5,-5.1,1.7,0.8,0.0,1.1,8.6,24.4,2.0,9.0,8.5,5.4,6.2,13.6,12.0,5.6,4.725944444444444,4.378500000000003,3.9461666666666675,4.035555555555555,4.013333333333333
Asia,Israel,3.6,4.7,1.4,2.6,2.2,4.5,3.6,7.5,3.6,1.4,6.6,4.6,7.2,3.8,7.0,9.7,5.9,3.8,4.1,3.3,8.7,0.3,-0.1,1.4,4.8,4.1,5.6,6.0,3.3,0.9,5.7,5.6,2.6,4.4,3.9,2.5,4.5,4.3,4.1,4.2,-1.9,8.6,6.4,2.9,3.047139287431808,3.245870334198338,3.2503732535154537,3.32234754339863,3.3167285564392976
Europe,Italy,3.1,0.6,0.2,0.9,3.0,2.6,2.7,3.1,4.0,3.3,2.0,1.4,0.7,-0.8,2.1,2.7,1.3,1.8,1.8,1.6,3.8,2.0,0.3,0.1,1.4,0.8,1.8,1.5,-1.0,-5.3,1.7,0.7,-3.0,-1.8,0.0,0.8,1.3,1.7,0.9,0.5,-9.0,7.0,3.7,0.7,1.1057457001331992,1.3917786352536354,1.3066359487734476,1.1871195734820734,1.1244500679875684
America,Jamaica,-4.0,4.4,3.1,4.2,0.9,-0.9,7.0,7.7,-4.0,4.7,4.9,0.8,2.8,2.2,1.9,2.5,0.2,-1.6,-1.2,1.0,0.8,1.3,0.7,3.7,1.3,0.9,2.9,1.4,-0.8,-3.4,-1.4,1.4,-0.5,0.2,0.6,0.9,1.5,0.7,1.8,1.0,-9.9,4.6,4.0,2.2,1.8274089757464753,1.7305043086543086,1.6200640873015875,1.5606177817552807,1.56260602036852
Asia,Japan,3.2,4.2,3.3,3.5,4.5,5.2,3.3,4.7,6.8,4.9,4.9,3.4,0.8,-0.5,0.9,2.6,3.1,1.0,-1.3,-0.3,2.8,0.4,0.0,1.5,2.2,1.8,1.4,1.5,-1.2,-5.7,4.1,0.0,1.4,2.0,0.3,1.6,0.8,1.7,0.6,-0.4,-4.3,2.1,1.1,1.3,1.3136905822247928,1.1439462759462744,1.0186609440267331,0.9196798823983042,0.9113619642053864
Asia,Jordan,11.1,15.0,5.8,1.4,5.5,-1.1,5.9,2.7,2.9,-10.7,-1.6,-5.7,16.9,4.4,5.0,6.0,1.9,3.7,3.2,3.2,4.2,5.0,6.6,4.0,8.3,8.8,8.5,8.4,7.4,5.0,2.3,2.7,2.4,2.6,3.4,2.5,2.0,2.5,1.9,1.9,-1.6,2.2,2.7,2.7,2.7601710347146335,2.903302852406303,2.8457601658932328,2.820364581174019,2.818251446897319
Asia,Kazakhstan,3.98,5.65,2.44,4.76,7.16,3.74,3.65,5.39,4.77,3.81,4.2,3.72,5.73,-9.2,-12.6,-8.2,0.5,1.7,-1.9,2.7,9.8,13.5,9.8,9.3,9.6,9.7,10.7,8.9,3.3,1.2,7.3,7.5,5.0,5.9,4.3,1.0,0.9,3.9,4.1,4.5,-2.6,4.1,3.2,4.3,4.715278409090907,3.751569166666664,2.737761969696967,3.3848861363636327,3.4247556818181852
Africa,Kenya,5.6,4.1,5.1,1.6,1.6,4.1,7.0,5.8,6.1,4.6,4.1,1.3,-1.1,-0.1,2.5,4.3,4.5,0.4,3.0,2.2,0.3,4.0,0.5,2.9,4.6,5.7,5.9,6.9,0.2,3.3,8.1,5.1,4.6,3.8,5.0,5.0,4.2,3.8,5.7,5.1,-0.3,7.5,5.4,5.3,5.511494730269726,5.521423307248308,5.374242857142857,5.39421671106671,5.3466186119436125
Oceania,Kiribati,0.1,0.2,0.7,-2.7,2.4,-4.5,1.0,0.4,9.1,-3.1,-1.3,0.1,1.3,1.0,1.8,-0.1,1.1,2.0,6.9,-1.8,6.0,-1.4,4.0,2.0,-1.6,5.0,0.0,2.0,-2.1,0.8,-1.1,1.8,5.1,4.2,-1.1,9.9,-0.5,-0.1,5.3,-2.1,-1.4,7.9,1.2,2.5,2.4438747113997135,2.4848954785954813,2.3554542929292905,2.344478980278978,2.348153318903317
Africa,"Korea, Republic of",-1.6,7.2,8.3,13.4,10.6,7.8,11.3,12.7,12.0,7.1,9.9,10.8,6.2,6.9,9.3,9.6,7.9,6.2,-5.1,11.5,9.1,4.9,7.7,3.1,5.2,4.3,5.3,5.8,3.0,0.8,6.8,3.7,2.4,3.2,3.2,2.8,2.9,3.2,2.9,2.2,-0.7,4.1,2.6,1.5,2.529033874458875,2.576929822029825,2.5955658008658036,2.535395827320825,2.5343970057720036
Europe,Kosovo,2.89,1.09,1.47,2.08,3.01,2.53,3.34,3.18,3.42,3.73,1.2,-1.99,-1.42,-1.08,1.08,3.03,4.07,3.85,3.97,2.82,4.53,4.6,-0.4,2.6,0.6,4.5,3.6,8.3,1.8,5.0,4.9,6.3,1.7,5.3,3.3,5.9,5.6,4.8,3.4,4.8,-5.3,10.7,2.7,3.5,3.741476132918804,3.7709145516169644,3.612659818275595,3.5630631518577207,3.548373051230379
Asia,Kuwait,-20.4,-18.9,-9.5,5.3,5.2,-4.3,8.6,8.1,-10.0,25.9,-26.2,-41.0,82.8,35.1,8.6,1.7,0.6,2.5,3.7,-1.8,4.7,0.2,3.0,17.3,10.8,10.1,7.5,6.0,2.5,-7.1,-2.4,9.6,6.6,1.2,0.5,0.6,2.9,-4.7,2.4,-0.6,-8.9,1.3,8.2,0.9,2.2871707274424913,2.3207124293353685,2.3921739457601205,2.376046689584924,2.3709937636872915
Asia,Kyrgyz Republic,3.98,5.65,2.44,4.76,7.16,3.74,3.65,5.39,4.77,3.81,4.2,3.72,5.73,-13.0,-19.8,-5.4,7.1,9.9,2.1,3.7,5.4,5.3,0.0,7.0,7.0,-0.2,3.1,8.5,7.6,2.9,-0.5,6.0,-0.1,10.9,4.0,3.9,4.3,4.7,3.5,4.6,-8.6,3.7,7.0,3.5,3.726567064879567,3.7628084188034188,3.723143286713289,3.705976837606838,3.7127494366744385
Asia,Lao P.D.R.,10.0,15.3,4.7,3.0,6.4,9.1,4.8,-1.0,-2.1,9.9,6.7,4.0,7.0,5.9,8.2,7.0,6.9,6.9,4.3,4.0,6.4,4.8,6.8,6.2,7.2,6.9,9.0,7.9,7.8,7.4,8.0,8.0,7.8,8.0,7.6,7.3,7.0,6.9,6.3,4.7,-0.4,2.1,2.3,4.0,4.281440025252525,4.373680277777781,4.422156666666662,4.393255580808083,4.466420075757576
Europe,Latvia,2.89,1.09,1.47,2.08,3.01,2.53,3.34,3.18,3.42,3.73,1.2,-1.99,-1.42,-11.4,2.2,-2.1,2.6,8.8,6.3,2.8,5.7,6.3,7.1,8.4,8.3,10.7,12.0,9.9,-3.2,-14.3,-4.5,2.6,7.0,2.0,1.9,3.9,2.4,3.3,4.0,2.6,-2.2,4.1,2.0,0.4,2.7505529357401675,3.143586581417229,3.095526267953368,3.0864554946293286,3.0768548343328974
Asia,Lebanon,1.5,0.5,-36.8,22.7,44.5,24.3,-6.8,16.7,-28.2,-42.2,-13.4,38.2,4.5,7.0,8.0,6.5,4.0,10.2,3.9,-0.8,1.1,3.9,3.4,1.7,7.5,0.7,1.5,9.3,9.1,10.2,8.0,0.9,2.6,3.8,2.5,0.5,1.6,0.9,-1.9,-6.9,-25.9,5.21,3.92,4.57,4.282817780830278,3.9388237148962184,3.778117228327227,3.7899738888888863,3.754184218559219
Africa,Lesotho,-0.8,3.1,5.6,3.0,4.3,3.3,4.1,2.1,7.7,5.5,5.2,4.8,6.2,3.8,4.5,2.8,4.9,3.5,1.4,1.6,4.9,3.3,1.6,4.1,2.4,3.1,4.4,5.0,3.8,0.4,5.1,5.1,5.1,1.8,2.1,3.2,1.9,-2.7,-1.3,-2.0,-3.9,2.1,2.1,2.2,2.236509041543254,2.460487000961998,1.7661949627857518,1.6131845814030032,1.4972343168527364
Africa,Liberia,1.83,1.4,2.4,1.7,2.37,4.25,3.63,2.99,5.1,3.75,3.12,2.42,1.77,2.0,1.85,4.55,4.95,6.44,3.42,3.81,4.58,2.8,4.4,-29.0,4.0,5.9,8.5,13.1,6.1,5.2,6.4,7.7,8.4,8.8,0.7,0.0,-1.6,2.5,1.2,-2.5,-3.0,5.0,4.8,4.3,4.894579254079257,4.969718473193472,5.006975000000001,4.965054662004665,4.753433799533794
Africa,Libya,0.6,-20.0,1.5,-4.7,-8.3,0.6,-11.4,-14.7,7.6,7.2,3.7,18.3,-4.5,-5.5,3.2,-15.4,1.8,-2.6,-0.7,-0.2,4.0,2.6,-3.7,16.1,5.8,10.6,0.3,6.2,-0.2,-4.4,5.0,-50.3,86.8,-18.0,-23.0,-0.8,-1.5,32.5,7.9,-11.2,-29.5,28.3,-12.8,17.5,8.686428571428563,6.7572285714285725,5.5419428571428595,4.677942857142861,4.631371428571424
Europe,Lithuania,2.89,1.09,1.47,2.08,3.01,2.53,3.34,3.18,3.42,3.73,1.2,-1.99,-1.42,-1.08,1.08,3.03,5.2,8.3,7.5,-1.1,3.7,6.5,6.8,10.6,6.6,7.7,7.4,11.1,2.6,-14.8,1.7,6.0,3.8,3.6,3.5,2.0,2.5,4.3,4.0,4.6,0.0,6.0,1.9,-0.3,2.7460601659451624,2.857422388167387,2.7307034487734505,2.616430735930733,2.5100137301587298
Europe,Luxembourg,3.2,0.8,1.0,1.9,4.7,5.6,10.0,4.0,8.5,9.8,5.3,8.6,1.8,4.2,3.8,1.4,1.5,5.9,6.5,8.4,8.4,3.1,3.2,2.6,4.2,2.5,6.0,8.1,-0.3,-3.2,3.8,1.0,1.6,3.2,2.6,2.3,5.0,1.3,1.2,2.3,-0.8,5.1,1.5,1.1,1.7049073992673984,2.2631265913715914,2.218227313797316,2.1544385124135137,2.1540182478632497
Asia,Macao SAR,3.98,5.65,2.44,4.76,7.16,3.74,3.65,5.39,4.77,3.81,4.2,3.72,5.73,1.67,1.77,3.62,4.65,5.28,2.68,4.64,5.88,4.01,8.9,11.6,26.6,8.1,13.4,14.5,3.4,1.3,25.1,21.6,9.2,10.8,-2.0,-21.5,-0.7,10.0,6.5,-2.5,-54.2,19.3,-26.8,58.9,18.573499999999974,7.321900000000007,7.1004,3.8315999999999972,3.874499999999997
Africa,Madagascar,0.8,-9.8,-1.9,0.9,1.8,1.2,2.0,1.2,3.4,4.1,3.1,-6.3,1.2,2.1,0.0,1.7,2.2,3.7,3.9,4.7,4.5,6.0,-12.4,9.8,5.3,4.8,5.4,5.7,6.7,-4.0,0.6,1.6,3.0,2.3,3.3,3.1,4.0,3.9,3.2,4.4,-7.1,5.7,4.2,4.2,4.499860317460322,4.36248829365079,4.259205158730156,4.194278174603177,4.119115873015875
Africa,Malawi,0.4,-5.2,2.5,3.7,5.4,4.6,-0.2,1.6,3.2,1.3,5.7,8.7,-7.3,9.7,-10.3,13.8,10.0,6.6,1.1,3.5,0.8,-4.1,1.8,5.7,5.4,3.3,4.7,9.6,7.6,8.3,6.9,4.9,1.9,5.2,5.7,3.0,2.3,4.0,4.4,5.4,0.9,4.6,0.8,2.4,3.0890106060606035,3.667212121212126,3.9944030303030345,4.123680303030303,4.185424242424246
Asia,Malaysia,7.4,6.9,5.9,6.3,7.8,-0.9,1.2,5.4,9.9,9.1,9.0,9.5,8.9,9.9,9.2,9.8,10.0,7.3,-7.4,6.1,8.7,0.5,5.4,5.8,6.8,5.0,5.6,6.3,4.8,-1.5,7.5,5.3,5.5,4.7,6.0,5.0,4.4,5.8,4.8,4.4,-5.5,3.1,8.7,4.5,4.518314393939395,4.439172222222218,4.349614141414137,4.0703333333333305,4.040553282828279
Asia,Maldives,18.8,7.9,7.5,4.4,17.4,13.8,8.6,8.9,8.7,9.3,-4.0,6.9,6.5,5.4,7.5,7.4,9.1,10.4,9.8,7.2,4.8,3.5,6.1,25.4,6.0,-13.1,26.1,7.7,9.5,-7.2,7.3,8.6,2.5,7.3,7.3,2.9,6.3,7.2,8.1,6.9,-33.4,41.7,12.3,7.2,7.471068452380959,6.129531547619049,6.181367857142851,5.552902976190474,5.338068452380955
Africa,Mali,3.3,-4.5,-11.6,3.2,2.4,3.2,6.1,2.5,0.1,10.7,9.3,7.7,-1.6,3.6,3.8,3.0,7.3,4.8,2.9,6.2,-0.1,15.4,3.1,9.1,1.6,6.5,4.7,3.5,4.8,4.7,5.4,3.2,-0.8,2.3,7.1,6.2,5.9,5.3,4.7,4.8,-1.2,3.1,3.7,5.0,5.073167965367968,5.149200793650798,5.026156601731604,5.211218650793651,5.155588600288602
Europe,Malta,7.0,2.7,0.1,2.6,0.8,2.4,3.8,5.7,6.8,7.1,4.7,5.9,8.1,3.9,4.6,6.9,4.0,4.8,3.4,3.8,-1.0,-1.2,2.6,4.1,0.1,3.4,2.5,4.8,3.8,-1.1,5.5,0.5,4.1,5.5,7.6,9.6,3.4,10.9,6.2,7.0,-8.6,11.8,6.9,3.5,3.818750595238096,3.8765096248196245,3.917794852092355,3.8560005303030294,3.902273358585861
Oceania,Marshall Islands,1.39,2.43,1.72,1.01,8.96,1.26,3.42,1.22,2.16,3.01,1.68,1.92,4.46,3.59,5.93,3.62,2.88,-0.15,-0.7,-1.1,1.5,6.7,3.7,-1.6,-0.3,2.3,-0.2,3.4,-6.4,2.6,6.8,-0.6,-2.2,3.9,-1.0,1.6,1.4,3.3,3.1,6.8,-1.6,1.7,1.3,3.0,2.28514216952638,2.195700244200246,1.9919458646616548,1.9883457554141768,1.9891710911895124
Africa,Mauritania,1.83,1.4,2.4,1.7,2.37,4.25,3.63,2.99,5.1,3.75,3.12,0.0,1.8,5.9,-3.1,9.8,5.8,-4.0,2.8,3.7,-3.9,-0.8,1.4,6.9,4.7,8.6,18.3,-2.0,-0.3,0.1,2.6,4.2,4.5,4.2,4.3,5.4,1.3,6.3,4.8,5.4,-0.9,2.4,5.0,4.4,5.260498015873019,5.867064682539683,4.241126190476191,4.8654789682539725,4.212265873015872
Africa,Mauritius,-10.1,5.9,5.5,0.4,4.8,6.9,9.7,10.2,6.8,4.5,7.2,4.4,6.5,5.1,4.1,4.3,5.6,5.7,6.1,2.6,8.2,3.2,1.6,6.0,4.3,1.5,4.5,5.7,5.4,3.3,4.4,4.1,3.5,3.4,3.8,3.7,3.9,3.9,4.0,2.9,-14.6,3.5,8.3,4.6,4.082017460317463,3.730776388888891,3.5969799603174604,3.471891865079367,3.4678986111111136
America,Mexico,9.5,8.5,-0.5,-3.5,3.4,2.2,-3.1,1.7,1.3,4.1,5.2,4.2,3.5,2.7,4.9,-6.3,6.8,6.8,5.2,2.8,4.9,-0.4,0.0,1.4,3.9,2.3,4.5,2.3,1.1,-5.3,5.1,3.7,3.6,1.4,2.8,3.3,2.6,2.1,2.2,-0.2,-8.0,4.7,3.1,1.8,1.728379870129869,2.033572318422319,1.9344218975468983,1.898118626743627,1.8909237012987021
Oceania,"Micronesia, Fed. States of",1.39,2.43,1.72,1.01,8.96,1.26,3.42,1.22,2.16,3.01,1.68,1.92,4.46,3.59,5.93,3.62,-3.1,-6.1,2.7,1.5,4.9,2.1,0.6,1.6,-3.1,2.1,-0.1,-1.9,-2.2,1.0,2.3,3.2,-1.9,-3.7,-2.3,4.6,0.9,2.7,0.2,1.2,-1.8,-3.2,-0.6,2.8,2.4135041958041983,1.4844529137529139,1.1480015151515137,1.0296298368298358,1.0274658508158496
Europe,Moldova,2.89,1.09,1.47,2.08,3.01,2.53,3.34,3.18,3.42,3.73,1.2,-17.5,-29.7,-1.2,-30.9,-1.4,-5.9,1.6,-6.5,-3.4,2.1,6.1,7.8,6.6,7.4,7.5,4.8,3.0,7.8,-6.0,7.1,5.8,-0.6,9.0,5.0,-0.3,4.4,4.2,4.1,3.6,-8.3,13.9,-5.6,2.0,3.726117059411182,4.319936078627253,4.394420218017283,4.39326056296645,4.39119902450491
Asia,Mongolia,6.4,8.4,8.3,5.8,5.9,5.7,9.4,3.5,5.1,4.2,-2.5,-9.2,-9.3,-3.2,2.1,6.4,2.2,3.9,3.3,3.1,1.1,4.6,5.3,7.4,9.4,6.5,8.2,8.8,7.8,-2.1,7.3,17.3,12.3,11.6,7.9,2.4,1.5,5.6,7.7,5.6,-4.6,1.6,4.8,4.5,5.9440199134199165,5.732400829725832,5.259363095238094,4.9977596681096665,4.950535569985569
Europe,Montenegro,2.89,1.09,1.47,2.08,3.01,2.53,3.34,3.18,3.42,3.73,1.2,-1.99,-1.42,-1.08,1.08,3.03,4.07,3.85,3.97,2.82,4.53,1.1,1.9,2.5,4.4,4.2,8.6,6.8,7.2,-5.8,2.7,3.2,-2.7,3.5,1.8,3.4,2.9,4.7,5.1,4.1,-15.3,13.0,6.4,3.2,3.1073090720857612,3.2238501970551185,3.18951617418233,3.1832691547050627,3.1642537409268185
Africa,Morocco,3.8,-2.8,9.6,-0.6,4.3,6.3,8.3,-2.5,10.4,2.4,4.0,7.2,-2.1,-0.7,10.6,-5.4,12.4,-1.6,7.2,1.1,1.9,7.3,3.1,6.0,4.8,3.3,7.6,3.5,5.9,4.2,3.8,5.2,3.0,4.5,2.7,4.3,0.5,5.1,3.1,2.9,-7.2,7.9,1.1,3.0,2.8740285828206886,3.0729415603402455,3.0970866731221984,3.1544859345333034,3.1424941957165644
Africa,Mozambique,4.2,5.0,-6.9,-15.7,-6.5,1.0,-2.3,14.7,8.2,6.5,1.0,6.6,-6.1,10.6,6.5,2.3,11.2,11.3,9.9,11.7,1.2,12.1,9.3,6.9,7.9,6.6,9.7,7.7,7.3,6.3,6.5,7.4,7.3,7.0,7.4,6.7,3.8,3.7,3.4,2.3,-1.2,2.3,4.1,5.0,7.363439393939398,4.915566666666674,5.20520303030303,11.356766666666667,10.718272727272725
Asia,Myanmar,3.98,5.65,2.44,4.76,7.16,3.74,3.65,5.39,4.77,3.81,4.2,3.72,5.73,1.67,1.77,3.62,4.65,5.28,2.68,8.4,12.4,12.5,9.9,13.2,15.3,13.6,13.3,12.5,7.6,4.4,5.2,5.5,6.5,7.9,8.2,7.5,6.4,5.8,6.4,6.8,3.2,-17.9,2.0,2.6,2.678074610588477,2.7963772801203466,2.930787743116453,3.1286386248267815,3.4485630995274916
Africa,Namibia,1.83,1.4,2.4,1.7,2.37,4.25,3.63,2.99,5.1,3.75,3.12,5.3,9.3,-1.6,3.0,4.1,3.2,4.2,3.3,3.4,3.5,2.4,6.7,3.5,6.6,4.7,3.9,3.6,2.6,0.3,6.0,5.1,5.1,5.6,6.1,4.3,0.0,-1.0,1.1,-0.8,-8.0,2.7,3.8,2.8,2.6476433621933615,2.7250791005291,2.714836291486291,2.724968446368446,2.71632453102453
Oceania,Nauru,1.39,2.43,1.72,1.01,8.96,1.26,3.42,1.22,2.16,3.01,1.68,1.92,4.46,3.59,5.93,3.62,2.88,-0.15,2.35,1.78,1.45,1.47,2.75,2.12,1.85,-8.0,-8.3,-6.8,63.3,-6.0,-0.3,9.3,30.6,5.0,14.7,-5.7,8.0,-5.9,7.2,9.1,4.1,2.7,3.0,1.0,2.0457905050505047,2.462602222222223,2.5454825252525275,2.518038383838382,2.5358613131313112
Asia,Nepal,-2.3,8.3,3.8,-3.0,9.7,6.1,4.6,1.7,7.7,4.3,4.6,6.4,4.1,3.8,8.2,3.5,5.3,5.3,2.9,4.5,6.1,5.6,0.1,3.9,4.7,3.5,3.4,3.4,6.1,4.5,4.8,3.4,4.7,3.5,6.0,4.0,0.4,9.0,7.6,6.7,-2.4,4.2,5.8,4.4,5.111919444444447,5.057159920634919,4.936887698412694,4.930983333333329,4.932663492063489
Europe,Netherlands,2.89,-0.5,-1.3,1.8,3.1,2.7,3.1,1.9,4.6,4.5,4.2,2.5,1.6,1.3,3.0,2.8,3.5,4.3,4.7,5.0,4.2,2.3,0.2,0.2,2.0,2.0,3.5,3.8,2.2,-3.7,1.3,1.5,-1.0,-0.1,1.4,2.0,2.2,2.9,2.4,2.0,-3.9,4.9,4.5,1.0,1.3051960099669855,1.5869330065359475,1.584610553567519,1.4932454725271282,1.5043101296020793
Oceania,New Zealand,1.0,3.0,2.9,-0.1,6.9,1.2,1.8,2.4,0.6,0.4,0.0,-1.3,0.7,5.2,5.6,4.9,4.1,2.5,0.4,4.5,4.2,2.5,4.7,4.4,4.8,3.2,2.8,3.5,-0.3,-1.1,1.8,1.8,2.5,2.3,3.8,3.7,3.9,3.5,3.5,3.1,-1.5,6.1,2.4,1.1,1.569316910866911,2.663563308913312,2.629398534798537,2.6751275946275945,2.6748978021978025
America,Nicaragua,4.6,5.4,-0.8,4.6,-1.6,-4.1,-1.0,-0.7,-12.4,-1.7,-0.1,-0.2,0.4,-0.4,5.0,5.9,6.3,4.0,3.7,7.0,4.1,3.0,0.8,2.5,5.3,4.3,3.8,5.1,3.4,-3.3,4.4,6.3,6.5,4.9,4.8,4.8,4.6,4.6,-3.4,-3.8,-1.8,10.3,4.0,3.0,2.9614991474043215,3.1394917266641413,3.1276283061765815,3.1185829922950625,3.1147061639509923
Africa,Niger,4.9,-0.2,2.2,-3.9,-16.8,7.7,6.4,0.1,6.9,1.0,-1.3,-0.4,2.0,0.3,1.9,2.5,0.1,1.5,10.0,-0.2,-1.2,7.3,4.9,2.2,0.4,7.3,5.9,3.1,7.7,2.0,8.6,2.4,10.5,5.3,6.6,4.4,5.7,5.0,7.0,6.1,3.5,1.4,11.1,6.1,10.132396103896104,6.289658441558445,5.944457142857142,6.3476987012987,6.329292207792206
Africa,Nigeria,1.83,1.4,2.4,1.7,2.37,4.25,3.63,2.99,5.1,3.75,3.12,-0.6,2.2,1.6,0.3,1.9,4.1,2.9,2.5,0.5,5.5,6.7,14.6,9.5,10.4,7.0,6.7,7.3,7.2,8.4,11.3,4.9,4.3,5.4,6.3,2.7,-1.6,0.8,1.9,2.2,-1.8,3.6,3.3,3.2,2.9795878183091418,3.0195821122994646,3.0099568205160843,3.0250271717171717,3.0254810489347257
Europe,North Macedonia ,2.89,1.09,1.47,2.08,3.01,2.53,3.34,3.18,3.42,3.73,1.2,-1.99,-1.42,-7.5,-1.8,-1.1,1.2,1.4,3.4,4.3,4.5,-3.1,1.5,2.2,4.7,4.7,5.1,6.5,5.5,-0.4,3.4,2.3,-0.5,2.9,3.6,3.9,2.8,1.1,2.9,3.9,-4.7,3.9,2.2,1.4,3.0685295383247047,3.342741038591985,3.2761229419969085,3.270706777628454,3.1357830747314632
Europe,Norway,4.5,1.6,0.2,4.0,6.1,5.6,4.0,1.8,-0.3,1.0,1.9,3.1,3.6,2.8,5.1,4.2,5.0,5.3,2.7,2.1,3.3,2.1,1.4,0.9,4.0,2.7,2.5,2.9,0.5,-1.9,0.8,1.1,2.7,1.0,2.0,1.9,1.2,2.5,0.8,1.1,-1.3,3.9,3.3,2.1,2.1438564663406767,1.8403265012765024,1.6240109273767167,1.4680289166973375,1.5175490937425156
Asia,Oman,6.1,17.1,11.5,15.9,13.9,14.5,2.1,-4.0,5.2,3.0,8.4,6.0,8.5,6.1,3.8,4.8,2.9,6.2,2.7,0.3,6.2,4.6,-0.8,-2.2,2.0,2.8,4.7,5.0,9.0,6.0,2.5,2.9,8.9,5.2,1.3,5.0,5.0,0.3,1.3,-1.1,-3.2,2.9,4.3,1.7,4.128181461352653,2.2348724637681188,2.4016108091787443,2.4654707729468575,2.4682725241545866
Asia,Pakistan,6.9,6.2,7.6,6.8,4.0,8.7,6.4,5.8,6.4,4.8,4.6,5.1,7.6,2.1,4.4,5.1,6.6,1.7,3.5,4.2,3.9,2.0,3.1,4.7,7.5,9.0,5.8,5.5,5.0,0.4,2.6,3.6,3.8,3.7,4.1,4.1,4.6,4.6,6.1,3.1,-0.9,5.7,6.0,0.5,3.2072145962732925,3.8545359558316057,4.115176483781924,4.224375138026225,4.226559230503797
Oceania,Palau,1.39,2.43,1.72,1.01,8.96,1.26,3.42,1.22,2.16,3.01,1.68,1.92,4.46,3.59,5.93,3.62,2.88,-0.15,2.35,1.78,1.45,6.5,5.1,-3.4,4.1,3.7,0.0,0.9,-5.3,-6.8,-1.7,4.1,1.9,-1.6,4.4,9.6,3.7,-3.4,0.0,0.4,-7.5,-12.1,-2.9,8.7,8.11781250000001,4.620745833333329,3.5316000000000014,3.2750916666666625,3.2819499999999953
America,Panama,4.5,9.2,5.3,-4.5,2.7,4.9,3.6,-1.8,-13.4,1.6,8.1,9.4,8.2,5.5,2.8,1.8,7.4,6.5,7.3,3.9,2.7,0.6,2.2,4.2,7.5,7.2,8.5,12.1,9.9,1.2,5.8,11.3,9.8,6.9,5.1,5.7,5.0,5.6,3.7,3.0,-17.9,15.3,10.0,5.0,4.09266990925741,4.016381611721612,3.9871344505494495,3.9178292316017296,3.8949499292374283
Oceania,Papua New Guinea,-2.3,1.1,0.8,3.4,-1.0,3.6,5.7,2.8,2.9,-1.4,-3.1,9.6,13.8,13.3,10.5,-3.4,6.6,-6.3,4.7,1.9,-2.5,-0.1,-0.2,9.0,0.6,4.3,2.5,7.8,-0.3,6.8,10.1,1.1,4.7,3.8,13.5,6.6,5.5,3.5,-0.3,4.5,-3.2,0.1,4.5,3.7,4.143209342046839,3.5075440723165734,3.484127690087691,3.3515618398268394,3.379098451548452
America,Paraguay,11.7,9.2,-1.4,-3.0,2.8,3.9,0.3,4.1,5.9,5.8,4.1,3.5,1.7,4.9,5.3,6.8,1.6,4.2,0.1,-1.4,-2.3,-0.8,0.0,4.3,4.1,2.1,4.8,5.4,6.5,-0.3,11.1,4.3,-0.7,8.3,5.3,3.0,4.3,4.8,3.2,-0.4,-0.8,4.0,0.2,4.5,4.0442879120879125,4.0419866117216126,3.982643174603174,3.9866726526251517,3.9337547771672767
America,Peru,7.7,5.5,-0.3,-9.3,3.8,2.1,12.1,7.7,-9.4,-13.4,-5.1,2.2,-0.5,5.2,12.3,7.4,2.8,6.5,-0.4,1.5,2.7,0.6,5.5,4.2,5.0,6.3,7.5,8.5,9.1,1.1,8.3,6.3,6.1,5.9,2.4,3.3,4.0,2.5,4.0,2.2,-11.0,13.6,2.7,2.4,2.971879778112324,3.0560279042251164,3.0353467525036018,3.0316920769203275,3.0333470158539417
Asia,Philippines,5.1,3.4,3.6,1.9,-7.3,-7.3,3.4,4.3,6.8,6.2,3.0,-0.4,0.4,2.2,4.4,4.6,5.9,5.2,-0.5,3.3,4.4,3.0,3.7,5.1,6.6,4.9,5.3,6.5,4.3,1.4,7.3,3.9,6.9,6.8,6.3,6.3,7.1,6.9,6.3,6.1,-9.5,5.7,7.6,6.0,5.937132972582974,6.074207936507943,6.069984271284273,6.0925985569985555,6.112615800865793
Europe,Poland,-6.0,-10.0,-4.8,5.6,-0.4,3.9,3.5,2.3,3.3,3.8,-7.2,-7.0,2.0,4.3,5.2,6.7,6.2,7.1,5.0,4.5,4.3,1.2,1.4,3.5,5.0,3.5,6.1,7.1,4.2,2.8,2.9,5.0,1.5,0.9,3.8,4.4,3.0,5.1,5.9,4.4,-2.0,6.8,4.9,0.3,2.6421627193407526,3.448570039425023,3.3220692150672737,3.1886157846380736,3.180320687570683
Europe,Portugal,6.7,3.5,2.2,1.0,-1.0,1.6,3.3,7.6,5.3,6.6,7.9,3.4,3.1,-0.7,1.5,2.3,3.5,4.4,4.8,3.9,3.8,1.9,0.8,-0.9,1.8,0.8,1.6,2.5,0.3,-3.1,1.7,-1.7,-4.1,-0.9,0.8,1.8,2.0,3.5,2.8,2.7,-8.3,5.5,6.7,1.0,1.6081619275461378,2.032244624819624,1.9178008069415973,1.8824112649046865,1.8572861927546152
America,Puerto Rico,3.98,1.1,-3.0,0.5,7.3,2.1,8.2,4.9,6.5,4.9,3.8,2.3,4.6,4.6,4.2,4.5,2.3,4.9,6.5,4.4,3.3,9.5,2.2,2.3,2.0,-2.0,-1.4,-1.2,-1.8,-2.0,-0.4,-0.4,0.0,-0.3,-1.2,-1.0,-1.3,-2.9,-4.4,1.7,-4.4,0.2,4.8,0.4,-0.23572670401493967,0.07690893246187365,0.32698828197945845,0.31623728602552137,0.3088926237161531
Asia,Qatar,-1.0,-3.9,-8.2,-5.3,16.0,-13.0,3.7,0.9,4.7,5.3,-14.6,-1.5,10.4,-0.9,1.9,0.4,4.2,27.7,10.3,3.8,6.9,4.5,6.9,4.0,19.2,7.8,28.1,18.2,17.5,13.1,17.7,11.3,4.7,5.6,5.3,4.8,3.1,-1.5,1.2,0.7,-3.6,1.6,4.2,2.4,2.2170315224027197,2.976569106014762,2.8525673415352757,3.2489915299676153,3.2172343068163736
Europe,Romania,3.3,0.1,3.9,6.0,6.0,-0.1,2.4,0.8,-0.5,-5.8,-5.6,-12.9,-8.8,1.5,3.9,7.1,3.9,-6.1,-4.8,-1.2,2.9,5.1,5.7,2.3,10.3,4.7,8.0,7.2,9.4,-5.6,-3.9,4.5,1.9,0.2,4.1,3.2,2.9,8.2,6.0,3.8,-3.7,5.9,4.8,2.4,3.3409894660894626,3.5694825396825434,3.51096378066378,3.4637410533910553,3.395425180375182
Asia,Russian Federation,3.98,5.65,2.44,4.76,7.16,3.74,3.65,5.39,4.77,3.81,4.2,-5.0,-14.5,-8.7,-12.7,-4.1,-3.6,1.4,-5.3,6.4,10.0,5.1,4.7,7.3,7.2,6.4,8.2,8.5,5.2,-7.8,4.5,5.1,4.0,1.8,0.7,-2.0,0.2,1.8,2.8,2.2,-2.7,5.6,-2.1,0.7,1.6691142857142858,1.5559523809523812,1.3867238095238086,1.3764404761904745,1.3223071428571438
Africa,Rwanda,-3.6,2.5,-2.5,6.0,13.0,4.4,5.5,-0.3,0.3,-5.7,0.4,-4.3,6.6,-10.4,-41.9,24.5,11.6,14.9,8.3,3.3,8.4,8.5,13.2,2.2,7.4,9.4,9.2,7.7,11.2,6.2,7.3,8.0,8.6,4.7,6.2,8.9,6.0,4.0,8.6,9.5,-3.4,10.9,6.8,6.2,7.229499999999999,6.7909000000000015,6.283649999999998,6.9568500000000055,7.45924999999999
America,Saint Kitts and Nevis,1.3,2.7,6.1,-2.1,9.7,6.4,8.8,8.3,10.4,6.0,5.5,2.3,3.1,5.4,5.4,3.5,5.9,7.3,1.0,3.9,9.7,5.3,1.4,-3.9,4.0,9.7,3.2,0.6,11.2,-3.4,0.0,1.6,-0.5,5.7,7.6,0.7,3.9,0.9,1.1,4.0,-14.5,-0.9,9.0,4.5,4.047577380952385,3.395875,3.1505119047619017,3.0930714285714243,3.077389285714282
America,Saint Lucia,-0.5,5.1,2.1,4.1,8.0,12.6,14.4,3.9,13.9,9.0,9.9,0.4,8.0,0.6,1.6,1.7,2.9,-0.7,6.3,2.7,0.0,-3.4,0.4,4.3,7.3,-0.4,6.2,1.9,4.9,-1.9,0.5,4.8,-0.4,-2.2,1.3,-0.2,3.8,3.4,2.9,-0.7,-24.4,12.2,14.9,3.0,2.22914036606668,2.160107349181033,1.9226401135414284,1.8131033081440975,1.802438144603934
America,Saint Vincent and the Grenadines,2.9,3.9,2.6,3.2,5.3,4.3,5.4,0.6,13.2,3.3,4.8,2.2,7.1,3.6,-1.2,6.8,1.1,3.7,4.5,2.1,1.8,1.6,4.9,6.1,3.7,2.3,6.5,3.1,0.4,-1.2,-4.3,-0.6,1.1,2.5,1.1,2.8,4.1,1.5,3.2,0.7,-3.7,0.8,5.3,6.0,5.127280952380952,4.104052380952379,3.2885904761904805,3.184821428571425,3.1990285714285687
Oceania,Samoa,-6.1,-9.1,-1.0,0.5,2.0,5.8,4.8,0.5,2.9,5.8,-6.4,-2.4,4.1,1.7,6.4,6.6,7.3,0.8,1.1,-0.6,5.1,7.4,5.7,5.2,3.1,6.6,2.1,0.5,3.6,-0.5,2.5,3.8,-3.7,0.1,0.7,3.9,8.0,1.4,-0.6,4.5,-3.1,-7.1,-6.0,5.0,3.9513824786324814,3.710176410256411,3.43064435897436,3.158073162393163,2.9957632478632505
Europe,San Marino,2.89,1.09,1.47,2.08,3.01,2.53,3.34,3.18,3.42,3.73,1.2,-1.99,-1.42,-1.08,1.08,3.03,4.07,3.85,7.5,9.0,2.2,5.5,0.3,3.9,4.6,2.4,3.8,7.1,-0.4,-10.1,-5.8,-8.5,-7.2,-0.8,-0.6,2.7,2.3,0.3,1.5,2.1,-6.7,8.3,4.6,1.2,1.2573493829828584,1.4913502023031429,1.4620852469297132,1.4155442038883592,1.3985661000205498
Asia,Saudi Arabia,5.7,1.9,-20.7,-16.1,-4.7,-9.8,17.0,-6.6,13.1,-0.5,15.2,15.0,4.0,-1.4,0.6,0.2,2.6,1.1,2.9,-3.8,5.6,-1.2,-2.8,11.2,8.0,5.6,2.8,1.8,6.2,-2.1,5.0,11.0,5.4,2.9,4.0,4.7,2.4,-0.1,2.8,0.8,-4.3,3.9,8.7,3.1,3.518403824361912,3.0394885451150144,3.366257315315403,3.352656346757817,3.3227263616285683
Africa,Senegal,-0.8,5.1,7.8,-5.3,3.7,3.3,3.1,6.1,-0.6,4.0,-0.7,2.6,1.2,1.3,-0.2,6.1,1.9,2.7,6.0,6.0,3.9,4.3,0.1,5.6,4.6,4.3,2.3,2.8,3.7,2.8,3.4,1.3,4.0,2.4,6.2,6.4,6.4,7.4,6.2,4.6,1.3,6.1,4.7,8.3,8.730433333333343,5.409000000000004,5.390166666666672,5.2861666666666665,6.087166666666667
Europe,Serbia,2.89,1.09,1.47,2.08,3.01,2.53,3.34,3.18,3.42,3.73,1.2,-1.99,-1.42,-1.08,1.08,3.03,4.07,3.85,2.4,-12.1,7.8,5.0,7.1,4.4,9.0,10.2,5.1,6.4,5.7,-2.7,0.7,2.0,-0.7,2.9,-1.6,1.8,3.3,2.1,4.5,4.3,-0.9,7.5,2.3,2.0,3.0368778099182765,3.9952834832735427,3.70775124108481,3.7006087100413687,3.69732324131807
Africa,Seychelles,-2.3,-3.9,-2.1,-0.6,4.3,10.3,0.8,4.9,5.3,10.3,7.5,2.8,7.2,7.3,-2.4,0.5,10.0,12.2,2.5,1.9,4.3,-2.3,1.2,-5.9,-2.9,9.0,9.4,10.4,-2.1,-1.1,6.3,5.7,3.8,6.4,4.7,5.6,5.4,4.5,3.2,3.1,-7.7,7.9,8.8,3.9,4.2841000013875,3.927206355311358,3.7541737629037653,3.9259689804639777,3.8448438811188823
Africa,Sierra Leone,-0.6,1.9,1.8,-1.6,1.7,-6.7,0.1,2.4,2.1,5.0,1.6,-8.0,-9.6,0.1,3.5,-10.0,-24.8,-17.6,-0.8,-8.1,3.8,18.2,26.4,9.3,6.6,4.5,4.2,8.1,5.4,3.2,5.3,6.3,15.2,20.7,4.6,-20.5,6.4,3.8,3.5,5.3,-2.0,4.1,2.8,3.1,4.316979578754583,4.75339325396825,4.386385775335781,4.346875305250306,4.380391758241764
Asia,Singapore,10.1,10.8,7.1,8.6,8.8,-0.6,1.3,10.8,11.3,10.2,9.8,6.7,6.6,11.5,11.1,7.2,7.5,8.3,-2.2,5.7,9.0,-1.1,3.9,4.5,9.9,7.4,9.0,9.0,1.9,0.1,14.5,6.2,4.4,4.8,3.9,3.0,3.6,4.5,3.6,1.3,-3.9,8.9,3.6,1.5,2.354038052943223,2.6407849057073203,2.6264101632084396,2.608944369806439,2.6042665646613914
Europe,Slovak Republic,2.89,1.09,1.47,2.08,3.01,2.53,3.34,3.18,3.42,3.73,1.2,-1.99,-1.42,-1.08,6.2,7.9,6.9,4.4,4.1,-0.1,1.2,3.3,4.5,5.5,5.3,6.6,8.5,10.8,5.6,-5.5,6.7,2.7,1.3,0.6,2.7,5.2,1.9,2.9,4.0,2.5,-3.4,3.0,1.7,1.3,2.6088507721509644,2.8239571256572797,2.7842921236357396,2.73397758210142,2.7314472695218424
Europe,Slovenia,2.89,1.09,1.47,2.08,3.01,2.53,3.34,3.18,3.42,3.73,1.2,-1.99,-1.42,2.8,5.3,4.1,3.6,5.0,3.3,5.3,3.7,3.2,3.5,3.0,4.4,3.8,5.7,7.0,3.5,-7.5,1.3,0.9,-2.6,-1.0,2.8,2.2,3.2,4.8,4.5,3.5,-4.3,8.2,5.4,1.6,2.4671179474628646,2.919925593911108,2.9361027832908038,2.9432710805254176,2.9382407984886134
Oceania,Solomon Islands,-2.7,-1.8,-1.7,3.9,0.2,-3.1,-0.2,8.4,1.3,4.3,2.2,6.0,12.7,4.0,8.1,10.1,1.6,-0.9,1.3,-0.5,-14.3,-8.0,-2.8,6.5,6.7,5.5,4.9,4.4,5.8,2.6,8.6,7.3,1.4,5.2,1.2,1.7,5.6,3.1,2.7,1.7,-3.4,-0.6,-4.1,2.5,2.608208324032462,2.9239575089516903,2.920108208184966,2.9171719369789066,2.9042080463121698
Africa,Somalia,1.83,1.4,2.4,1.7,2.37,4.25,3.63,2.99,5.1,3.75,3.12,2.42,1.77,2.0,1.85,4.55,4.95,6.44,3.42,3.81,4.58,5.48,4.24,3.8,5.27,5.27,5.18,5.37,4.42,2.9,5.9,3.94,1.2,5.7,2.7,4.6,4.7,2.2,3.7,2.7,-0.3,2.9,1.7,2.8,3.391457039270904,3.6738417462098103,3.717495019173729,3.7830498968880555,3.8768035590679553
Africa,South Africa,6.6,5.4,-0.4,-1.8,5.1,-1.2,0.0,2.1,4.2,2.4,-0.3,-1.0,-2.1,1.2,3.2,3.1,4.3,2.6,0.5,2.4,4.2,2.7,3.7,2.9,4.6,5.3,5.6,5.4,3.2,-1.5,3.0,3.2,2.4,2.5,1.4,1.3,0.7,1.2,1.5,0.3,-6.3,4.9,2.0,0.1,1.829758732770499,1.8970847899377303,1.79460574229692,1.7482643811526177,1.7597526303761608
Africa,"South Sudan, Republic of",1.83,1.4,2.4,1.7,2.37,4.25,3.63,2.99,5.1,3.75,3.12,2.42,1.77,2.0,1.85,4.55,4.95,6.44,3.42,3.81,4.58,5.48,4.24,3.8,5.27,5.27,5.18,5.37,4.42,2.9,5.9,3.94,-50.3,27.3,1.6,-0.2,-13.3,-5.8,-2.1,0.9,-6.5,5.3,6.6,5.6,4.7809166666666725,4.58556666666667,4.34938333333333,4.28373333333333,4.228533333333331
Europe,Spain,1.2,-0.4,1.2,1.7,1.7,2.4,3.4,5.7,5.3,5.0,3.8,2.5,0.9,-1.3,2.3,4.1,2.4,3.9,4.5,4.7,5.1,3.9,2.7,3.0,3.1,3.7,4.1,3.6,0.9,-3.8,0.2,-0.8,-3.0,-1.4,1.4,3.8,3.0,3.0,2.3,2.0,-11.3,5.5,5.5,1.5,1.9001833235352066,2.0061206773430906,1.7989775605041252,1.7666983387663278,1.710074351100099
Asia,Sri Lanka,5.8,5.3,5.2,3.3,6.7,5.0,4.3,1.5,2.7,2.3,6.2,10.8,-3.1,7.5,8.0,6.1,12.2,10.3,-1.6,2.9,8.4,-1.9,3.7,5.9,5.4,6.2,7.7,6.8,6.0,3.5,8.0,8.7,8.6,4.1,6.4,4.2,5.1,6.5,2.3,-0.2,-3.5,3.3,-8.7,-3.0,2.0974709392598068,2.727454050572116,2.9160235156772263,2.987702949391105,2.99811796688236
Africa,Sudan,2.5,6.3,4.1,-1.5,-5.6,-0.6,9.9,6.5,4.3,1.4,0.8,7.0,5.5,2.8,3.5,8.9,5.5,6.1,8.2,4.2,8.4,10.9,5.9,6.3,5.1,5.6,6.5,5.7,3.8,-2.8,3.9,-3.2,-17.0,2.0,4.7,4.9,4.7,0.8,-2.3,-2.5,-3.6,0.5,-2.5,1.2,2.504986995408384,2.788188991134797,2.758509076670626,2.738489522214447,2.728975593432232
America,Suriname,-6.5,1.9,-6.3,-5.1,-3.0,-0.9,-2.4,-8.8,10.8,2.3,-1.5,-13.8,3.9,-2.2,-7.0,11.3,11.2,7.0,2.2,-0.9,-0.1,4.9,3.7,6.2,7.3,4.9,5.8,5.1,4.1,3.0,5.2,5.8,2.7,2.9,0.3,-3.4,-4.9,1.6,4.9,1.1,-15.9,-2.7,1.3,2.3,2.9209545207716268,3.026689792663477,3.0004127192982457,2.989974174071543,2.9719432216905903
Europe,Sweden,4.6,4.5,1.4,2.1,4.3,2.3,3.0,3.3,2.5,2.7,0.8,-1.1,-0.9,-1.8,3.9,3.9,1.6,3.1,4.3,4.2,4.8,1.4,2.2,2.3,4.3,2.9,4.7,3.4,-0.5,-4.3,6.0,3.2,-0.6,1.2,2.7,4.5,2.1,2.6,2.0,2.0,-2.2,5.4,2.6,-0.5,1.2688812409812409,2.3107393097643083,2.1364564213564243,2.107143951418953,2.099180375180377
Europe,Switzerland,5.1,1.6,-1.3,0.6,3.1,3.7,1.8,1.5,3.3,4.4,3.7,-0.9,-0.1,-0.1,1.3,0.6,0.5,2.2,2.9,1.6,4.1,1.6,-0.1,-0.1,2.6,2.8,4.2,3.9,2.7,-2.3,3.2,1.9,1.2,1.8,2.3,1.6,2.1,1.4,2.9,1.2,-2.5,4.2,2.1,0.8,1.6091684730302378,1.551896490274432,1.771036838978017,1.4652380343512692,1.697204217677748
Asia,Syria,10.5,8.5,2.6,1.6,-6.5,7.3,-4.8,1.3,12.7,-6.1,10.4,10.7,13.2,7.4,5.5,5.4,3.0,-1.1,5.6,-3.1,2.3,3.7,5.9,-2.0,6.9,6.2,5.0,5.7,4.5,5.9,3.4,6.21,5.42,4.97,4.07,2.56,3.76,3.78,3.76,2.97,-5.44,5.21,3.92,4.57,4.259451150238649,4.067178913308915,3.958307293262292,3.892280342712841,3.8572295829170837
Africa,SÃ£o TomÃ© and PrÃ­ncipe,-1.1,-10.3,3.1,-3.9,-6.0,9.3,-5.8,-2.9,2.0,3.1,-2.2,1.2,0.7,1.1,2.2,2.0,1.5,1.0,2.5,2.5,0.4,2.4,2.4,6.6,3.8,7.1,9.1,3.3,8.2,2.4,6.7,4.4,3.1,4.8,6.5,3.8,4.2,3.9,3.0,2.2,3.0,1.9,0.9,2.0,2.631295876345876,3.336759629259632,3.477091200466201,3.495377899877902,3.5317772588522565
Asia,Taiwan Province of China,8.0,7.1,4.8,9.0,10.0,4.8,11.5,12.8,8.0,8.7,5.5,8.4,8.3,6.8,7.5,6.5,6.2,6.1,4.2,6.7,6.3,-1.4,5.5,4.2,7.0,5.4,5.8,6.9,0.8,-1.6,10.2,3.7,2.2,2.5,4.7,1.5,2.2,3.3,2.8,3.1,3.4,6.5,2.5,2.1,2.647841105446276,2.7051215967940085,2.8821880936113704,2.800564974202043,2.8000379627077905
Asia,Tajikistan,3.98,5.65,2.44,4.76,7.16,3.74,3.65,5.39,4.77,3.81,4.2,3.72,5.73,-11.1,-21.4,-12.5,-4.4,1.7,5.3,3.7,8.3,10.2,9.1,10.2,10.6,6.7,7.0,7.8,7.9,3.9,6.5,7.4,7.5,7.4,6.7,6.0,6.9,7.1,7.6,7.4,4.4,9.4,8.0,5.0,4.977901785714285,4.66124265873016,4.646848809523811,4.629022817460316,4.612577182539683
Africa,Tanzania,3.3,0.5,0.6,2.4,3.4,4.6,6.6,5.9,4.4,3.8,7.0,2.1,0.6,1.2,1.6,3.6,4.5,3.5,3.7,4.8,4.9,6.0,7.2,6.9,7.8,7.4,4.7,8.5,5.6,5.4,6.4,7.9,5.1,6.8,6.7,6.2,6.9,6.8,7.0,7.0,4.8,4.9,4.7,5.2,5.849101262626262,6.027947727272724,6.104191666666667,6.168491161616162,6.113821969696969
Asia,Thailand,4.6,5.9,5.4,5.6,5.8,4.6,5.5,9.5,13.3,12.2,11.6,8.4,9.2,8.7,8.0,8.1,5.7,-2.8,-7.6,4.6,4.5,3.4,6.1,7.2,6.3,4.2,5.0,5.4,1.7,-0.7,7.5,0.8,7.2,2.7,1.0,3.1,3.4,4.2,4.2,2.1,-6.2,1.6,2.6,3.4,3.4780238295848847,3.276853321866326,3.1547418244556895,3.0404866362654706,3.0755234393226796
Asia,Timor-Leste,3.98,5.65,2.44,4.76,7.16,3.74,3.65,5.39,4.77,3.81,4.2,3.72,5.73,1.67,1.77,3.62,4.65,5.28,2.68,4.64,5.88,16.3,-6.7,-2.2,0.4,3.0,-4.1,10.3,11.4,10.1,9.3,6.0,4.9,3.1,4.5,2.8,3.4,-3.1,-0.7,2.1,-8.3,2.9,3.3,2.2,2.7847007461528244,2.9084970493132896,2.8579530048915287,2.8487276325904842,2.838269711281188
Africa,Togo,-2.3,-3.4,-3.7,-5.2,5.9,3.7,3.3,-2.5,10.1,4.1,5.9,-0.6,-3.2,-16.3,13.9,19.7,-3.9,3.8,-2.3,2.5,-1.0,0.8,3.8,6.7,-1.0,-4.7,2.7,-1.2,4.1,5.5,6.1,6.4,6.5,6.1,5.9,5.7,5.6,4.3,5.0,5.5,1.8,5.3,5.4,5.5,5.831770596070597,5.5733852480852475,5.406492857142858,5.453530744255743,5.473536721611721
Oceania,Tonga,15.8,14.0,12.8,5.8,44.1,5.6,8.8,1.7,-3.5,1.1,4.7,5.9,-3.8,-0.1,2.0,7.9,0.1,-0.6,2.3,2.3,3.8,1.5,4.5,0.1,-1.9,-0.4,-2.2,-2.5,4.8,-5.2,0.8,6.8,0.8,0.3,2.0,1.2,6.6,3.3,0.2,0.7,0.5,-2.7,-2.0,2.5,2.5765350877193005,2.406583333333331,1.852448245614036,1.816453508771931,1.8132701754385971
America,Trinidad and Tobago,10.4,4.6,3.8,-10.3,-5.8,-4.1,-3.3,-4.6,-3.9,-0.8,1.5,3.1,10.1,-0.7,3.6,3.8,7.1,7.5,8.1,8.0,6.9,3.7,7.2,13.9,7.3,5.9,14.2,4.3,3.3,-4.8,3.5,-0.2,4.5,3.8,3.3,-0.8,-6.8,-4.7,-0.9,0.1,-7.7,-1.0,2.5,3.2,2.4830338023088037,2.703904930254928,2.2349110028860024,1.9743249398749385,1.8988445165945163
Africa,Tunisia,7.4,5.5,-0.5,4.7,5.7,5.7,-1.5,6.7,0.1,2.6,7.1,4.1,8.0,2.5,3.6,2.7,6.9,5.7,5.0,6.0,4.3,3.8,1.3,4.7,6.2,3.5,5.2,6.7,4.2,3.0,3.5,-2.0,4.2,2.4,3.1,1.0,1.1,2.2,2.6,1.6,-8.8,4.4,2.5,1.3,2.138209232726339,2.388390216313901,2.4854472514327766,2.4585206202179877,2.4600323325796993
Asia,Turkmenistan,3.98,5.65,2.44,4.76,7.16,3.74,3.65,5.39,4.77,3.81,4.2,3.72,5.73,-10.0,-17.3,-7.2,-6.7,-11.3,6.7,16.5,18.6,20.4,15.8,17.1,14.7,13.0,11.0,11.1,14.7,6.1,16.2,12.9,6.1,-0.3,3.8,3.0,-1.0,4.7,0.9,-3.4,-2.9,4.6,1.8,2.3,2.2546006715506697,2.6035485958485935,2.4362203907203916,2.4424142551892567,2.4422654456654467
Oceania,Tuvalu,1.39,2.43,1.72,1.01,8.96,1.26,3.42,1.22,2.16,3.01,1.68,1.92,4.46,3.59,5.93,3.62,2.88,-0.15,2.35,1.78,1.45,0.7,8.3,-4.4,-1.9,-3.7,1.3,6.9,6.6,-5.6,-2.5,7.5,-2.9,3.8,1.7,9.4,4.7,3.3,1.4,13.8,-4.3,1.8,0.7,4.3,3.6983269680611817,3.2651175213675234,3.0309371345029232,2.884903508771926,2.858135560053978
Asia,"TÃ¼rkiye, Republic of",-0.8,4.4,3.4,4.8,6.8,4.3,6.9,10.0,2.1,0.3,9.3,0.9,6.0,8.0,-5.5,7.2,7.0,7.5,3.1,-3.3,6.9,-5.8,6.4,5.8,9.8,9.0,6.9,5.0,0.8,-4.8,8.4,11.2,4.8,8.5,4.9,6.1,3.3,7.5,3.0,0.8,1.9,11.4,5.6,2.7,3.288484661889834,3.1295008869483025,3.126199016022292,3.131519730556799,3.14021530203513
Africa,Uganda,-3.4,3.9,8.2,4.9,-3.0,-3.0,0.9,4.0,8.3,6.4,6.5,1.8,5.9,6.7,7.7,9.2,6.6,4.6,6.1,8.0,3.9,8.8,7.1,6.2,5.8,10.0,7.0,8.1,10.4,8.1,7.5,7.7,2.3,3.9,5.7,8.0,0.2,6.8,5.5,7.8,-1.3,6.0,4.9,5.7,5.745444444444442,6.791916666666665,6.354166666666662,6.2251388888888854,5.909583333333334
Europe,Ukraine,2.89,1.09,1.47,2.08,3.01,2.53,3.34,3.18,3.42,3.73,1.2,-1.99,-9.9,-14.2,-22.9,-12.2,-10.0,-3.0,-1.9,-0.2,5.9,8.8,5.3,9.5,11.8,3.1,7.6,8.2,2.2,-15.1,4.1,5.5,0.2,0.0,-6.6,-9.8,2.4,2.4,3.5,3.2,-3.8,3.4,-30.3,-3.0,2.398128333333336,2.7060221428571434,2.647999920634923,2.5738357142857153,2.5592229365079335
Asia,United Arab Emirates,-1.8,8.0,-7.2,-5.2,4.5,-2.5,-19.3,5.3,-2.6,15.7,23.6,2.1,3.1,0.0,7.4,6.6,5.3,8.6,0.8,3.8,12.3,1.3,2.5,8.8,9.6,4.9,9.8,3.2,3.2,-5.2,1.6,6.9,4.8,5.1,4.2,6.8,5.6,0.7,1.3,1.1,-5.0,3.9,7.4,3.5,3.7212882700632686,3.6755361823361827,3.7474792735042723,3.7645161902911934,3.747518259518263
Europe,United Kingdom,-2.2,-0.9,1.7,3.9,1.9,3.7,2.6,5.2,5.2,2.2,0.6,-1.7,0.0,2.1,3.5,2.1,1.9,4.5,3.2,3.0,4.1,2.2,1.8,3.1,2.3,2.7,2.2,2.6,-0.2,-4.5,2.4,1.1,1.4,1.8,3.2,2.4,2.2,2.4,1.7,1.6,-11.0,7.6,4.0,-0.3,1.2524262829980475,2.067846075319015,1.9393860308972077,1.8111102297484651,1.646897731941261
America,United States,-0.3,2.5,-1.8,4.6,7.2,4.2,3.5,3.5,4.2,3.7,1.9,-0.1,3.5,2.8,4.0,2.7,3.8,4.4,4.5,4.8,4.1,1.0,1.7,2.8,3.9,3.5,2.8,2.0,0.1,-2.6,2.7,1.5,2.3,1.8,2.3,2.7,1.7,2.2,2.9,2.3,-2.8,5.9,2.1,1.6,1.5441576096418188,2.012887752987754,2.0779532073189952,2.0511761120945304,2.044240457933877
America,Uruguay,6.0,1.9,-9.4,-5.9,-1.5,0.3,7.5,5.9,0.5,1.1,0.3,3.5,7.9,2.7,7.3,-1.4,5.6,5.0,4.5,-1.9,-1.9,-3.8,-7.7,0.8,5.0,7.5,4.1,6.5,7.2,4.2,7.8,5.2,3.5,4.6,3.2,0.4,1.7,1.6,0.5,0.4,-6.1,4.4,4.9,2.0,2.7229385461760467,2.766668217893218,2.646528805916307,2.5347683982683966,2.523648827561326
Asia,Uzbekistan,3.98,5.65,2.44,4.76,7.16,3.74,3.65,5.39,4.77,3.81,4.2,3.72,-11.1,-2.3,-5.2,-0.9,1.7,5.2,4.3,4.3,3.8,4.2,4.0,4.2,7.4,7.0,7.5,9.5,9.0,8.1,7.1,7.5,7.1,7.3,6.9,7.2,5.9,4.4,5.9,6.0,2.0,7.4,5.7,5.3,5.538306493506494,5.581166017316017,5.523026190476189,5.507264718614718,5.485097619047618
Oceania,Vanuatu,5.5,4.4,2.0,3.0,9.6,1.0,-0.1,-2.9,-1.7,1.5,11.7,3.1,2.6,0.7,9.1,1.0,2.3,4.9,1.2,0.3,5.9,-3.4,-5.2,4.3,4.0,5.3,8.5,2.9,5.6,3.0,1.3,3.1,1.0,0.5,3.1,0.4,4.7,6.3,2.9,3.2,-5.0,0.6,1.9,3.5,3.582878946118679,3.746289477687625,3.181521159728258,3.1167242675231006,2.78397645770952
America,Venezuela,-4.9,-1.3,2.6,-9.9,5.2,0.9,6.1,4.8,6.5,-13.9,6.5,9.7,6.1,0.3,-2.3,4.0,-0.2,6.4,0.3,-6.0,3.7,3.4,-8.9,-7.8,18.3,10.3,9.9,8.8,5.3,-3.2,-1.5,4.2,5.6,1.3,-3.9,-6.2,-17.0,-15.7,-19.7,-27.7,-30.0,0.5,8.0,5.0,4.569083333333334,3.223983333333336,3.659233333333337,2.994466666666666,2.9971833333333326
Asia,Vietnam,-3.5,5.8,8.2,7.1,8.4,5.6,3.4,2.5,5.1,7.8,5.0,5.8,8.7,8.1,8.8,9.5,9.3,8.2,5.8,4.8,6.8,6.9,7.1,7.3,7.8,7.5,7.0,7.1,5.7,5.4,6.4,6.4,5.5,5.6,6.4,7.0,6.7,6.9,7.5,7.4,2.9,2.6,8.0,5.8,6.557724999999994,6.532233333333332,6.453474999999997,6.375616666666668,6.373066666666665
Asia,West Bank and Gaza,3.98,5.65,2.44,4.76,7.16,3.74,3.65,5.39,4.77,3.81,4.2,3.72,5.73,1.67,1.77,7.1,1.2,14.7,14.3,8.3,-8.6,-9.3,-12.5,14.0,21.9,11.3,-1.0,3.8,7.4,8.6,5.8,9.6,6.1,4.7,-0.2,3.7,8.9,1.4,1.2,1.4,-11.3,7.0,4.0,3.5,3.1134576839826815,2.8891224242424243,2.634154891774892,2.8051313636363635,2.773264935064935
Asia,Yemen,3.98,5.65,2.44,4.76,7.16,3.74,3.65,5.39,4.77,3.81,4.2,6.3,8.2,4.0,6.7,5.7,4.6,5.2,6.0,3.8,6.2,3.8,3.9,3.7,4.0,5.6,3.2,3.3,3.6,3.9,7.7,-12.7,2.4,4.8,-0.2,-28.0,-9.4,-5.1,0.8,1.4,-8.5,-1.0,1.5,-0.5,2.077876190476191,4.932173015873016,4.591946031746031,4.297461904761905,4.0153349206349205
Africa,Zambia,3.9,6.6,-2.9,-1.1,-1.7,1.2,1.7,1.5,9.3,-3.7,-0.6,-0.7,2.1,-0.1,-13.3,2.9,6.2,3.8,-0.4,4.7,3.9,5.3,4.5,6.9,7.0,7.2,7.9,8.4,7.8,9.2,10.3,5.6,7.6,5.1,4.7,2.9,3.8,3.5,4.0,1.4,-2.8,4.6,3.4,4.0,4.267951262626267,4.615427020202025,4.612559722222218,4.796517803030302,4.832015530303036
Africa,Zimbabwe,1.83,1.4,2.4,1.7,2.37,4.25,3.63,2.99,5.1,3.75,3.12,2.42,1.77,2.0,1.85,4.55,4.95,6.44,3.42,-1.1,-4.2,-0.5,-7.7,-16.2,-6.3,-7.4,-3.6,-3.4,-16.3,7.4,19.7,14.2,16.7,2.0,2.4,1.8,0.5,5.0,4.7,-6.1,-7.8,8.5,3.0,2.5,2.5474333333333314,2.570975757575755,2.6307893939393967,2.677300000000002,2.6783757575757594
